smartstore,category,product_id,product_option,user_id,apply_date,review,customer_info,stars_score,thumb_count
채소애 (사업자 / 개인 사업자),"배송, 상품",5787852677,흙쪽파,cv****,24.10.30.,배송이 빠릅니다. 오전에 배송되어 바로 파김치 담글수 있어서 좋아요 🥰🥰 다듬기는 너무 힘들었지만  질지기않고 아삭아삭 합니다. 아린맛도 많이없고 너무 잘자라서 다듬기는 힘들어도 이번 파김치는 성공 했어요,"{'구매자': '거주인원 2인신혼/부부', '신선함': '신선해요', '생산지': '명확해요', '포장': '꼼꼼해요'}",5,0
채소애 (사업자 / 개인 사업자),배송,5787852677,기장 깐쪽파(750g),lim9******,24.11.05.,한달사용기좋아요~빠른배송 감사합니다 재구매합니다!,"{'구매자': '거주인원 4인싱글', '신선함': '신선해요', '생산지': '명확해요', '포장': '꼼꼼해요'}",5,0
채소애 (사업자 / 개인 사업자),배송,5787852677,기장 깐쪽파(750g),lim9******,24.11.05.,재구매좋아요~빠른배송 감사합니다 재구매합니다!,"{'구매자': '거주인원 4인싱글', '신선함': '신선해요', '생산지': '명확해요', '포장': '꼼꼼해요'}",5,0
채소애 (사업자 / 개인 사업자),"상품, 기타",5787852677,흙쪽파,kksw****,24.11.08.,쪽파 너무 싱싱하고 좋아요. 대만족입니다.  또 구매의사 있습니다.,"{'구매자': '거주인원 4인', '신선함': '신선해요', '생산지': '명확해요', '포장': '꼼꼼해요'}",5,0
채소애 (사업자 / 개인 사업자),"상품, 배송",5787852677,흙쪽파,high****,24.10.22.,배송원하는날잘받았어요 박스가파손되서받았는데안에있는파를잘싸서넣어주셔서싱싱한상태로잘도착했어요 늘믿고주문하는곳입니다 파김치담먹으면서식구들모두맛나다고뿌듯하네요,"{'신선함': '신선해요', '생산지': '명확해요', '포장': '꼼꼼해요'}",5,1
채소애 (사업자 / 개인 사업자),"상품, 배송",5787852677,흙쪽파,tear******,24.10.27.,재구매가족들이랑 간만에 수육에  기장 쪽파 곁들여 맛있게 먹었어요 한단이 너무 얇아서 손질하는데 시간걸린거 빼고는 포장도 꼼꼼히 해서 보내주시고 연하고 부드러운게 역시 기장쪽파  굿이네요~~~,"{'구매자': '거주인원 2인신혼/부부', '신선함': '신선해요', '생산지': '명확해요', '포장': '꼼꼼해요'}",5,0
채소애 (사업자 / 개인 사업자),"상품, 기타",5787852677,기장 깐쪽파(750g),hjkj****,24.10.29.,흙쪽파 샀으면 오늘 하루종일 다듬었을텐데 깐쪽파 사길 너무 잘했어요~ 가늘어서 손질하기 힘든데 깨끗하게 손질해주셔서 감사합니다~ 다먹고 또 주문할께요^^,"{'구매자': '거주인원 2인신혼/부부', '신선함': '신선해요', '생산지': '명확해요', '포장': '꼼꼼해요'}",5,0
채소애 (사업자 / 개인 사업자),"상품, 기타",5787852677,기장 깐쪽파(750g),well***,24.11.07.,파김치 먹고 싶다는 9살 아들 때문에 주문했어요~ 파가 아주 연하고 깔끔하게 다듬어주셔서 힘들이지 않고 파김치를 담궜네요~빨리 먹고 재주문하려고요~^^,"{'구매자': '거주인원 5인취학자녀 가정', '신선함': '신선해요', '생산지': '명확해요', '포장': '꼼꼼해요'}",5,0
채소애 (사업자 / 개인 사업자),"상품, 교환 / 환불",5787852677,흙쪽파,star******,24.11.01.,재구매매번 여기에서 쪽파 주문하는데 너무 하시네요 반품하고 싶은 마음입니다. 수확한지 몇일 지난 파인것 같아요,"{'신선함': '안신선해요', '생산지': '명확해요', '포장': '꼼꼼해요'}",2,0
채소애 (사업자 / 개인 사업자),"상품, 기타",5787852677,흙쪽파,kksw****,24.11.08.,쪽파 너무 싱싱한거 잘 받았습니다.  대만족입니다.  다시 구매의사 있습니다.,"{'구매자': '거주인원 4인', '신선함': '신선해요', '생산지': '명확해요', '포장': '꼼꼼해요'}",5,0
채소애 (사업자 / 개인 사업자),상품,5787852677,흙쪽파,sw****,24.11.08.,한달사용기파는 항상 여기서 사요 싱싱하고 확실히 마트꺼보다 조아요,"{'신선함': '신선해요', '생산지': '명확해요', '포장': '적당해요'}",5,0
채소애 (사업자 / 개인 사업자),"상품, 기타",5787852677,흙쪽파,tear******,24.11.01.,재구매연하고 부들부들 너무 맛있어요 벌써 세번째 구매~~동생네도 보내주고 늦은 저녁 라면과 한끼해결 추천해도 별이 모자라요 많이들 이용하세요~~^^,"{'구매자': '거주인원 2인신혼/부부', '신선함': '신선해요', '생산지': '명확해요', '포장': '꼼꼼해요'}",5,0
채소애 (사업자 / 개인 사업자),"상품, 배송",5787852677,기장 깐쪽파(750g),myst*****,24.10.22.,와.. 매번 흑쪽파만 사다가 시간이 부족해 처음으로 깐쪽파 구매했어요 너무너무 맘에 들어요 ㅠ적당히 자란 쪽파를 당일에 다듬어 보내 주셨네요 어제 오후에 주문했는데 오늘 오전에 받았어요 배송도 너무 만에 듭니다!,"{'신선함': '신선해요', '생산지': '명확해요', '포장': '꼼꼼해요'}",5,1
채소애 (사업자 / 개인 사업자),상품,5787852677,흙쪽파,zrzr********,24.11.02.,재구매파가 얇아서 다듬는데 조금 오래 걸렸지만  얇아서 더 맛있는거같아요 ! 최고에요 !,"{'구매자': '거주인원 4인취학자녀 가정', '신선함': '신선해요', '생산지': '명확해요', '포장': '꼼꼼해요'}",5,0
채소애 (사업자 / 개인 사업자),상품,5787852677,기장 깐쪽파(750g),inte*******,24.10.29.,이전에  샀던곳  생각나  재구매합니다 가격이  좀  오르긴  했지만  맛은  여전하네요 경기도있는  딸한테  파김치  담아주려구요 많이파세요^^,"{'구매자': '거주인원 1인싱글', '신선함': '적당해요', '생산지': '찾기 어려워요', '포장': '꼼꼼해요'}",5,0
채소애 (사업자 / 개인 사업자),상품,5787852677,흙쪽파,lma2***,24.10.23.,가늘어서 까는건 힘들었지만 넘 맛있어요 질기지도않고 맵싹하니 딱좋아요 잘먹겠습니다🤗🫡,"{'신선함': '신선해요', '생산지': '명확해요', '포장': '꼼꼼해요'}",5,0
채소애 (사업자 / 개인 사업자),상품,5787852677,흙쪽파,ki****,24.10.24.,전에 시장에서 한단 샀을때보다 신선해서 손질해도 버려지는 양이 적어서 파김치 완성품양이 훨씬 많이 나왔어요! 흙쪽파사도 다듬을만해요.,"{'신선함': '신선해요', '생산지': '찾기 어려워요', '포장': '꼼꼼해요'}",5,1
채소애 (사업자 / 개인 사업자),상품,5787852677,흙쪽파,znis****,24.11.05.,신선하고 포장도 잘되었으나 파가너무얇아요  겨우다듬ㅜㅜ,"{'구매자': '거주인원 5인대가족', '신선함': '신선해요', '생산지': '명확해요', '포장': '꼼꼼해요'}",1,0
채소애 (사업자 / 개인 사업자),상품,5787852677,깐쪽파(800g),ruby********,24.11.09.,싱싱하고 좋고   눈이아플 정도로 맵삽해요,"{'신선함': '신선해요', '생산지': '명확해요', '포장': '꼼꼼해요'}",5,0
채소애 (사업자 / 개인 사업자),"상품, 배송",5787852677,흙쪽파,kidl****,24.10.18.,꼼꼼한 포장 감사드려요. 한단은 많이 가늘어요..^^ 빨리 파김치 해먹어야 겠네요.. 잘 받았습니다. 감사해요.,"{'구매자': '거주인원 4인취학자녀 가정', '신선함': '신선해요', '생산지': '명확해요', '포장': '꼼꼼해요'}",5,0
채소애 (사업자 / 개인 사업자),상품,5787852677,기장 깐쪽파(750g),eksq*****,24.11.08.,까놓은지 좀 된것같은 상태..,"{'신선함': '적당해요', '생산지': '명확해요', '포장': '적당해요'}",3,0
채소애 (사업자 / 개인 사업자),상품,5787852677,기장 깐쪽파(750g),myma***,24.10.22.,너무너무 맘에 들어요. 초록부분도 상한거 없이 오고 싱싱하고 게다가 얇아서 너무 좋아요 ㅎ,"{'신선함': '신선해요', '생산지': '명확해요', '포장': '꼼꼼해요'}",5,0
채소애 (사업자 / 개인 사업자),상품,5787852677,기장 깐쪽파(750g),2d****,24.11.02.,마트에서 살까 고민 하다 편하게 인터넷 주문 했는데 박스 뜯고 너무 싱싱해서 엄청 만족했고 야들야들 해서 만족했고 맛있어서 또 만족 했어요 억센 파 아니고 부들부들 촉촉한 파 너무 좋아요,"{'구매자': '거주인원 3인대가족', '신선함': '신선해요', '생산지': '명확해요', '포장': '꼼꼼해요'}",5,0
채소애 (사업자 / 개인 사업자),상품,5787852677,기장 깐쪽파(750g),dpff*****,24.10.09.,그동안 쪽파를 구입해본 것중 제일 좋아요~ 매우 만족합니다~신선하고 깨끗한여 씻는데 힘들지 않았고 김치만드는 시간 내내 맛있을 생각하며 덕분에 즐거운 시간이었어요~,"{'구매자': '거주인원 4인취학자녀 가정', '신선함': '신선해요', '생산지': '명확해요', '포장': '꼼꼼해요'}",5,0
채소애 (사업자 / 개인 사업자),배송,5787852677,기장 깐쪽파(750g),rtyu*****,24.10.30.,넘 고급지게 배송이 오네요. 매번 파는 여기서 구매해요.,"{'신선함': '신선해요', '생산지': '명확해요', '포장': '꼼꼼해요'}",5,0
채소애 (사업자 / 개인 사업자),상품,5787852677,흙쪽파,bbon*****,24.10.25.,재구매지난번 쪽파보다 크고 싱싱했어요.다듬는데 실지렁이가 나와서 기겁했지만 어쩔 수 없지요.ㅎ,"{'신선함': '적당해요', '생산지': '찾기 어려워요', '포장': '적당해요'}",5,0
채소애 (사업자 / 개인 사업자),기타,5787852677,흙쪽파,hy****,24.11.03.,맛있게 먹겠습니다 감사합니다,"{'신선함': '신선해요', '생산지': '명확해요', '포장': '꼼꼼해요'}",5,0
채소애 (사업자 / 개인 사업자),상품,5787852677,기장 깐쪽파(750g),gomt*****,24.11.07.,잘잘한 쪽파를 찾았는데 딱이에요,"{'신선함': '적당해요', '생산지': '명확해요', '포장': '적당해요'}",4,0
채소애 (사업자 / 개인 사업자),상품,5787852677,흙쪽파,woja***,24.10.19.,쪽파 잘 받았습니다 좀전에 받아서 급하게 파김치 했습니다 맛있게 잘 되었어요 쪽파 연하고 좋아요 ~,"{'신선함': '신선해요', '생산지': '명확해요', '포장': '꼼꼼해요'}",5,0
채소애 (사업자 / 개인 사업자),상품,5787852677,흙쪽파,fame****,24.11.06.,한달사용기신선하게 잘 받아 파김치 해먹었습니다~,"{'구매자': '거주인원 1인싱글', '신선함': '신선해요', '생산지': '명확해요', '포장': '꼼꼼해요'}",5,0
채소애 (사업자 / 개인 사업자),상품,5787852677,기장 깐쪽파(750g),lim9******,24.10.15.,좋아요~맛있고 재구매합니다,"{'구매자': '거주인원 4인싱글', '신선함': '신선해요', '생산지': '명확해요', '포장': '꼼꼼해요'}",5,0
채소애 (사업자 / 개인 사업자),상품,5787852677,흙쪽파,pul0*****,24.11.07.,1kg 3개주문하였는데 1단만 괜챦고 2Kg는 파가너무가늘고작아 덜자란걸보냈는지 실처럼 가늘어 다듬는데  무척힘들었네요 다시는 안사요,"{'구매자': '거주인원 1인싱글', '신선함': '안신선해요', '생산지': '명확해요', '포장': '적당해요'}",2,0
채소애 (사업자 / 개인 사업자),상품,5787852677,흙쪽파,ha****,24.10.26.,한달사용기재구매너무 비쌌지만 쪽파김치를 위해서!!!!맛있게 잘먹었습니다~^^,"{'신선함': '신선해요', '생산지': '명확해요', '포장': '꼼꼼해요'}",5,0
채소애 (사업자 / 개인 사업자),상품,5787852677,기장 깐쪽파(750g),myst*****,24.11.06.,지난주 구매 후 재구매 했어요 이번에 온건 끝이 조금 마르고 상했지만  다른곳보단 대만족입니다 쪽파는 이집으로 단골 확정입니다!!,"{'신선함': '신선해요', '생산지': '명확해요', '포장': '꼼꼼해요'}",5,0
채소애 (사업자 / 개인 사업자),"상품, 배송",5787852677,기장 깐쪽파(750g),hijj****,24.10.29.,쪽파가 가늘고 맵지않아요 싱싱하게 빨리 도착했습니다,"{'구매자': '거주인원 3인영유아 가정', '신선함': '신선해요', '생산지': '명확해요', '포장': '꼼꼼해요'}",4,0
채소애 (사업자 / 개인 사업자),상품,5787852677,흙쪽파,rich*****,24.10.30.,매번 주문할때마다 좋은 상품으로 보내주시네요.^^,"{'구매자': '거주인원 4인', '신선함': '신선해요', '생산지': '명확해요', '포장': '꼼꼼해요'}",5,0
채소애 (사업자 / 개인 사업자),상품,5787852677,흙쪽파,aqua********,24.11.07.,잘 받았습니다.넘 작아 다듬는데 애먹었습니다. 다 자라지 않았는데 판매하신것 같아요~~,"{'신선함': '적당해요', '생산지': '명확해요', '포장': '적당해요'}",3,0
채소애 (사업자 / 개인 사업자),배송,5787852677,흙쪽파,amag*******,24.10.29.,배송도 빠르고 포장 상태도 아주 좋습니다,"{'신선함': '신선해요', '생산지': '명확해요', '포장': '꼼꼼해요'}",5,0
채소애 (사업자 / 개인 사업자),"상품, 기타",5787852677,흙쪽파,yeoj*******,24.10.25.,매우 싱싱해요. 만족합니다.,"{'신선함': '신선해요', '생산지': '명확해요', '포장': '꼼꼼해요'}",5,0
채소애 (사업자 / 개인 사업자),상품,5787852677,흙쪽파,adve***,24.11.01.,"한달사용기너무 싱싱하고 좋은 파였습니다. 너무 많이사서 다듬느라 고생했찌만 ㅎㅎㅎ 너무 싱싱해서 그런지, 파김치 다 먹을때까지 파의 힘이 살아있어요 ㅋㅋ","{'구매자': '거주인원 2인신혼/부부', '신선함': '신선해요', '생산지': '명확해요', '포장': '꼼꼼해요'}",5,0
채소애 (사업자 / 개인 사업자),상품,5787852677,흙쪽파,butt*********,24.10.19.,재구매연하고맛있어요 두단이라 다듬기힘들었지만 계속구매할거에요,"{'신선함': '신선해요', '생산지': '명확해요', '포장': '꼼꼼해요'}",5,0
채소애 (사업자 / 개인 사업자),상품,5787852677,흙쪽파,sm****,24.11.06.,2단 구입해 ~1단정도 나왔어요 물 푸욱 담가서 온것처럼 정말 토욜에 꼭 써야해서 50%는 버린것 같았습니다 너무 하셨어요~,"{'신선함': '안신선해요', '생산지': '찾기 어려워요', '포장': '별로예요'}",2,0
채소애 (사업자 / 개인 사업자),상품,5787852677,흙쪽파,sa88****,24.10.23.,파김치를 너무 좋아하는데 사먹기는 부담스러워서 동네마트서 쪽파사다 담글려햇더니 상태도 안좋은데 넘비싸더라구요 싱싱한 쪽파 주문해서 김치 담궛더니  너무 맛있고 뿌듯하네요~~^^ 김장철에도 주문 가능할까요?,"{'구매자': '거주인원 2인취학자녀 가정', '신선함': '신선해요', '생산지': '명확해요', '포장': '꼼꼼해요'}",5,0
채소애 (사업자 / 개인 사업자),상품,5787852677,기장 깐쪽파(750g),sang******,24.10.27.,쪽파는 기장입니다.대가리가 조금 작아 아쉽지만 파김치 담아서대패랑 맛나게 먹었어요.손질 잘 되어서 좋아요.,"{'구매자': '거주인원 2인신혼/부부', '신선함': '신선해요', '생산지': '명확해요', '포장': '꼼꼼해요'}",5,0
채소애 (사업자 / 개인 사업자),상품,5787852677,흙쪽파,moon******,24.10.16.,싱싱하고 좋습니다. 쪽파숙회해서 먹으니 꿀맛입니다.,"{'구매자': '거주인원 4인취학자녀 가정', '신선함': '신선해요', '생산지': '명확해요', '포장': '적당해요'}",5,0
채소애 (사업자 / 개인 사업자),상품,5787852677,흙쪽파,sayj******,24.10.23.,기장쪽파 싱싱하고 얇아서좋아요,"{'구매자': '거주인원 4인', '신선함': '적당해요', '생산지': '명확해요', '포장': '적당해요'}",5,0
채소애 (사업자 / 개인 사업자),상품,5787852677,흙쪽파,yeoj*******,24.10.25.,매우 싱싱 합니다. 만족해요.,"{'신선함': '신선해요', '생산지': '명확해요', '포장': '꼼꼼해요'}",5,0
채소애 (사업자 / 개인 사업자),상품,5787852677,흙쪽파,winn******,24.11.09.,한달사용기재구매신선한 상태로 배달이 잘 되어 좋아요,"{'신선함': '신선해요', '생산지': '명확해요', '포장': '적당해요'}",4,0
채소애 (사업자 / 개인 사업자),배송,5787852677,흙쪽파,yhju******,24.10.25.,배송도빠르고 좋아요,"{'신선함': '적당해요', '생산지': '명확해요', '포장': '적당해요'}",5,0
채소애 (사업자 / 개인 사업자),상품,5787852677,기장 깐쪽파(750g),yunj*****,24.11.01.,다듬어진 쪽파사길 정말 잘했어요. 쪽파머리가 가늘어서 파김치용으론 너무 좋습니다.,"{'신선함': '신선해요', '생산지': '명확해요', '포장': '꼼꼼해요'}",5,0
채소애 (사업자 / 개인 사업자),상품,5787852677,흙쪽파,ji****,24.10.26.,싱싱하고 좋아요 ㅎ,"{'신선함': '신선해요', '생산지': '명확해요', '포장': '꼼꼼해요'}",5,0
채소애 (사업자 / 개인 사업자),"상품, 배송",5787852677,흙쪽파,sobe********,24.10.23.,진짜 싱싱하고 배송 빨라요!,"{'신선함': '신선해요', '생산지': '명확해요', '포장': '꼼꼼해요'}",5,0
채소애 (사업자 / 개인 사업자),상품,5787852677,흙쪽파,butt*********,24.10.11.,파김치맛있게담궈서 나눠먹었어요 재주문해야겠어요~감사합니다,"{'신선함': '신선해요', '생산지': '명확해요', '포장': '꼼꼼해요'}",5,0
채소애 (사업자 / 개인 사업자),배송,5787852677,흙쪽파,kysj*****,24.10.25.,쪽파인데도 싱싱함이 유지  되도록 정성껏 포장해서  보내주셔서 너무 감사합니다 아주좋아요 번창하세요,"{'신선함': '신선해요', '생산지': '명확해요', '포장': '꼼꼼해요'}",5,0
채소애 (사업자 / 개인 사업자),상품,5787852677,흙쪽파,fame****,24.10.06.,파가 원래 긁기가 보통 마트에서 판매하는 제품보다 얇은가요? 보통 쪽파에 비해 너무 여리여리해서요 암튼 싱싱해서 좋습니다^^ 잘먹겠습니다,"{'구매자': '거주인원 1인싱글', '신선함': '신선해요', '생산지': '명확해요', '포장': '꼼꼼해요'}",5,0
채소애 (사업자 / 개인 사업자),상품,5787852677,흙쪽파,ysje******,24.10.11.,한달사용기싱싱하고 좋았는데 쪽파가 너무 작아서 다듬기 힘들었고 딸아이가 중간크기 파를 좋아해서 조금 아쉬웠어요,"{'구매자': '거주인원 3인취학자녀 가정', '신선함': '신선해요', '생산지': '명확해요', '포장': '꼼꼼해요'}",3,0
채소애 (사업자 / 개인 사업자),"상품, 배송",5787852677,기장 깐쪽파(750g),hees******,24.11.07.,싱싱해요. 빠른배송,"{'구매자': '거주인원 4인대가족', '신선함': '적당해요', '생산지': '명확해요', '포장': '적당해요'}",5,0
채소애 (사업자 / 개인 사업자),배송,5787852677,흙쪽파,vk****,24.10.23.,싱싱하게 잘 도착했어요,"{'신선함': '신선해요', '생산지': '명확해요', '포장': '꼼꼼해요'}",5,0
채소애 (사업자 / 개인 사업자),상품,5787852677,흙쪽파,bdbd****,24.10.08.,얇은 쪽파에요 요즘비싼데 파김치 먹고싶어서 주문했어요 잘다듬어 지게 싱싱해서 좋으네요,"{'구매자': '거주인원 2인', '신선함': '신선해요', '생산지': '명확해요', '포장': '적당해요'}",4,0
채소애 (사업자 / 개인 사업자),상품,5787852677,흙쪽파,rlag*****,24.10.31.,기장파는 처음인데 4단 다듬는데 3시간반 걸렸어요.파가 연하고 좋은데 너무 얇아서 다듬기 힘듬,"{'신선함': '적당해요', '생산지': '찾기 어려워요', '포장': '적당해요'}",3,0
채소애 (사업자 / 개인 사업자),상품,5787852677,흙쪽파,kore*****,24.09.28.,재구매파김치해먹기 너무좋은 사이즈입니다~~이번에도 맛있게 먹을수 있도록 신경써 주셔서 감사합니다~^^,"{'구매자': '취학자녀 가정', '신선함': '신선해요', '생산지': '명확해요', '포장': '꼼꼼해요'}",5,1
채소애 (사업자 / 개인 사업자),상품,5787852677,흙쪽파,timm*****,24.10.30.,한달사용기신선그자체의 쪽파!!! 마치 사탕수수를 먹는듯한 달콤함에 계속 먹게되네요,"{'신선함': '신선해요', '생산지': '명확해요', '포장': '꼼꼼해요'}",5,0
채소애 (사업자 / 개인 사업자),상품,5787852677,흙쪽파,hmju********,24.10.18.,요즘 모든 채소값이 비싸서 조금씩 사먹다가 파김치먹고싶어서  조금 담가볼까 하고 쿠0에서 500그람짜리 두단은 구매했는데 오마이갓 이런걸 보냈는지 반품하고 여기저기 찿았다가 구매했어요 이틀만에 받았어요 이렇게 좋을거면 두단살걸 했어요 감사해요,"{'신선함': '신선해요', '생산지': '명확해요', '포장': '꼼꼼해요'}",5,0
채소애 (사업자 / 개인 사업자),상품,5787852677,흙쪽파,dunj****,24.10.29.,싱싱하고 굵기도 좋아요 단 양이 좀 작아요,"{'신선함': '신선해요', '생산지': '명확해요', '포장': '꼼꼼해요'}",5,0
채소애 (사업자 / 개인 사업자),기타,5787852677,깐쪽파(800g),ll****,24.11.09.,감사히 잘 받았습니다 수고하세요,"{'신선함': '신선해요', '생산지': '명확해요', '포장': '적당해요'}",5,0
채소애 (사업자 / 개인 사업자),상품,5787852677,흙쪽파,cms0***,24.10.15.,저번주문한 쪽파가 너무싱싱하고 좋아서 재주문했는데 이번파는 알도크고  크기도 대.소 이고 누런잎에.... 영~아니네요 저번 파김치는 맛있게 잘먹었는데 이번 파김치는 파자체가 질기고 맛이 없네요 손이 안가요,"{'구매자': '거주인원 3인취학자녀 가정', '신선함': '안신선해요', '생산지': '명확해요', '포장': '적당해요'}",3,0
채소애 (사업자 / 개인 사업자),상품,5787852677,흙쪽파,wjdx****,24.11.01.,파가 너무 싱싱하고 좋아여 파김치 좋아해서 많이담구는데 리뷰대로 너무 좋네요!,"{'신선함': '신선해요', '생산지': '명확해요', '포장': '꼼꼼해요'}",5,0
채소애 (사업자 / 개인 사업자),상품,5787852677,흙쪽파,yung*****,24.10.23.,너무 신선하고  품질이 좋았어요. 신선하니까 껍질이 얼마안나오고 실했어요,"{'구매자': '거주인원 2인취학자녀 가정', '신선함': '신선해요', '생산지': '명확해요', '포장': '꼼꼼해요'}",5,0
채소애 (사업자 / 개인 사업자),"상품, 배송",5787852677,흙쪽파,dnjs******,24.11.08.,한달사용기양도 많고 맛있고 포장도 아주 꼼꼼해요,"{'신선함': '신선해요', '생산지': '명확해요', '포장': '꼼꼼해요'}",5,0
채소애 (사업자 / 개인 사업자),상품,5787852677,흙쪽파,mwdy***,24.11.09.,한달사용기파김치맛있게담궈먹었어요,"{'신선함': '신선해요', '생산지': '명확해요', '포장': '꼼꼼해요'}",5,0
채소애 (사업자 / 개인 사업자),상품,5787852677,흙쪽파,y7****,24.11.01.,재구매맛있어서 또주문합니다 최고입니다,"{'구매자': '거주인원 4인대가족', '신선함': '신선해요', '생산지': '명확해요', '포장': '꼼꼼해요'}",5,0
채소애 (사업자 / 개인 사업자),상품,5787852677,흙쪽파,ah****,24.09.10.,완전 깜짝 놀랐네요 기대이상 !!너무 싱싱해서 밭으로 돌아가려해요 채소들이. 너무 감사합니다. 마트에서 바로 산거보다 더 싱싱 .아마 밭에서 바로 채취해서 보내신거 같아요 .잘 먹겠습니다~~고마워요.,"{'구매자': '거주인원 2인대가족', '신선함': '신선해요', '생산지': '명확해요', '포장': '꼼꼼해요'}",5,0
채소애 (사업자 / 개인 사업자),상품,5787852677,흙쪽파,za****,24.08.27.,전에 시장에 가서 사서 파김치를 담아 먹었을 때 잔파는 뿌리 부분이 굵기가 커서 반으로 잘라서 먹기도 했는데 이 쪽파는 얇네요. 처음 먹어보는것 같아요.(다리 가는 사람을 극세사 다리라고 부르던데 이 쪽파를 극세사 쪽파라고 해도 될 듯 해요 . ㅎㅎ) 양념을 한 사진은 못 찍었는데 싱싱하긴 엄청 싱싱하고 좋아요.,"{'신선함': '신선해요', '포장': '꼼꼼해요', '생산지': '안써있어요'}",5,1
채소애 (사업자 / 개인 사업자),기타,5787852677,흙쪽파,dltj*******,24.11.07.,재구매이번에도 잘 담궈 먹었어요 ㅋ,"{'신선함': '신선해요', '생산지': '명확해요', '포장': '적당해요'}",4,0
채소애 (사업자 / 개인 사업자),상품,5787852677,흙쪽파,choi*******,24.10.26.,한달사용기재구매싱싱하게 잘 도착했고 파김치를 담으면 매운맛이 강한데 익으면 없어집니다,"{'구매자': '거주인원 4인취학자녀 가정', '신선함': '신선해요', '생산지': '명확해요', '포장': '꼼꼼해요'}",5,0
채소애 (사업자 / 개인 사업자),상품,5787852677,흙쪽파,yuna******,24.08.11.,"재구매솔직히 생야채를 이무더위에 인터넷으로구매하려니 망설여졌는데 저번6월경에도 이곳에서구매해서 만족하고먹었던기억으로 재구매하게 되었어요 기장파도 맛있지만고랭지쪽파도더 단단하니 매운맛이 슬쩍더 있어서 전 기장파보다 보성파나고랭지파를 선호합니다꼼꼼한포장에 감동먹고,신선한야채로. 김치와 파김치를담을수있었습니다,친정엄마집에 택배를 보낼려니 기분이 좋네요 진짜 맛있어요","{'구매자': '거주인원 4인취학자녀 가정', '신선함': '신선해요', '생산지': '명확해요', '포장': '꼼꼼해요'}",5,0
채소애 (사업자 / 개인 사업자),상품,5787852677,흙쪽파,dodo****,24.10.05.,재구매엄청 신선해서 진액이 나오더라고요! 오자마자 파김치 담갔어요!,"{'구매자': '거주인원 4인대가족', '신선함': '신선해요', '생산지': '명확해요', '포장': '꼼꼼해요'}",5,1
채소애 (사업자 / 개인 사업자),상품,5787852677,깐쪽파(800g),yunj******,24.11.01.,재구매손질이 잘 되어있고 파가 달큰하니 맛있어요,"{'신선함': '신선해요', '생산지': '명확해요', '포장': '꼼꼼해요'}",5,0
채소애 (사업자 / 개인 사업자),상품,5787852677,흙쪽파,timm*****,24.10.30.,한달사용기재구매쪽파의 신선함에 최고의 반찬이 되었어요,"{'신선함': '신선해요', '생산지': '명확해요', '포장': '꼼꼼해요'}",5,0
채소애 (사업자 / 개인 사업자),상품,5787852677,흙쪽파,hang******,24.10.06.,한달사용기김치담아 잘먹었어요.  아이가 파김치 좋아해서 구매했어요.,"{'신선함': '신선해요', '생산지': '명확해요', '포장': '꼼꼼해요'}",5,0
채소애 (사업자 / 개인 사업자),"상품, 기타",5546458502,황토 알타리무 1단,hee2***,24.11.09.,오앙 무가 왜케 예뿌데요 알타리무랑 초롱무랑 각각 사봤어요. 갈수록 작황이 안좋은 상황에서 이렇게 잘 키우셨는지 농부님께 감사합니다. 흙은 좀 있는 편이었지만 황토흙이 부들부들 무청도 연하고 손질하는데도 기분이 좋아지네요. 무청도 이정도면 아주 좋습니다. 남은 무청은 시래기국 해먹고 든든 택배로 받을 수 있음에 감사 알타리는 안자르고 그대로 딱 총각김치로 담기 좋은 사이즈고 초롱무도 4등분 해서 담갔어요~ 김치로 예쁘게 변신했습니다 절이면서 먹어봤는데 일단 무가 너무 맛있어서 몇번이나 먹었는지 몇 단 더 시킬껄 그랬네요 감장 전에 먹을거 좀 담갔는데 다 먹고 조만간 많이 주문하러 오겠습니다. 소개 많이 할게요,"{'신선함': '신선해요', '생산지': '명확해요', '포장': '꼼꼼해요'}",5,1
채소애 (사업자 / 개인 사업자),"상품, 기타",5546458502,초롱무 1단,hee2***,24.11.09.,오앙 무가 왜케 예뿌데요 알타리무랑 초롱무랑 각각 사봤어요. 갈수록 작황이 안좋은 상황에서 이렇게 잘 키우셨는지 농부님께 감사합니다. 흙은 좀 있는 편이었지만 황토흙이 부들부들 무청도 연하고 손질하는데도 기분이 좋아지네요. 무청도 이정도면 아주 좋습니다. 남은 무청은 시래기국 해먹고 든든 택배로 받을 수 있음에 감사 알타리는 안자르고 그대로 딱 총각김치로 담기 좋은 사이즈고 초롱무도 4등분 해서 담갔어요~ 김치로 예쁘게 변신했습니다 절이면서 먹어봤는데 일단 무가 너무 맛있어서 몇번이나 먹었는지 몇 단 더 시킬껄 그랬네요 감장 전에 먹을거 좀 담갔는데 다 먹고 조만간 많이 주문하러 오겠습니다. 소개 많이 할게요,"{'신선함': '신선해요', '생산지': '명확해요', '포장': '꼼꼼해요'}",5,0
채소애 (사업자 / 개인 사업자),상품,5546458502,초롱무 1단,simi****,24.11.01.,강추합니당 👍👍👍👍👍 초롱무 잎사귀까지 완전 신선하고 무 크기도 커서 너무 만족합니다 1단인데 양도 어마어마하게 많네요 더 살 걸 그랬어요 이가격에 이정도 싱싱한 채소는 완전 땡큐죠 김치 맛있어요,"{'구매자': '거주인원 3인영유아 가정', '신선함': '신선해요', '생산지': '명확해요', '포장': '꼼꼼해요'}",5,6
채소애 (사업자 / 개인 사업자),"상품, 교환 / 환불",5546458502,초롱무 1단,ms****,24.10.23.,이런 상품 가치없는 거를 보내서 환불해달라고 연락했더니 사진상으로는 이상없어 보이는데 재구매니 인심쓰듯이 계좌번호 보내면서 환불해줄테니 대신 반값 입금시키라네요 리뷰한번도 써본적없는데 화가나서 참을수없어 리뷰쓰려고 구매확정 눌렀네요 3만원 환불필요없으니 이런식으로 장사하지마세요,"{'신선함': '안신선해요', '생산지': '찾기 어려워요', '포장': '별로예요'}",1,10
채소애 (사업자 / 개인 사업자),"상품, 배송",5546458502,초롱무 1단,gmls****,24.11.10.,"배송 빠르고, 초롱무가 완전 싱싱하네요 무청도 연해서 버리지 않고 김치 담갔습니다","{'신선함': '신선해요', '생산지': '명확해요', '포장': '꼼꼼해요'}",5,1
채소애 (사업자 / 개인 사업자),상품,5546458502,초롱무 1단,hwah****,24.10.13.,한단인데 생각보다 양이 많아요~ 처음 담가보는 알타리~ ㅋ 맛있을지 모르겠네요 간을 못맞추는 1인 ㅋㅋ 말타리 잎은 시들 하긴한데 무는 단단하고 파도 양이 엄청 많아요,"{'구매자': '거주인원 2인신혼/부부', '신선함': '적당해요', '생산지': '찾기 어려워요', '포장': '꼼꼼해요'}",4,0
채소애 (사업자 / 개인 사업자),상품,5546458502,무청없는 초롱무 1단,omok***,24.10.29.,무가 엄청커서 주문실수했는줄 알았어요 그런데 다듬다보니 무가커도 엄청연하고 아삭함도있고 단맛까지있어서 만족했어요,"{'신선함': '신선해요', '생산지': '명확해요', '포장': '꼼꼼해요'}",5,4
채소애 (사업자 / 개인 사업자),상품,5546458502,황토 알타리무 1단,i_m_******,24.11.07.,상태가 너무 좋습니다. 보통 인터넷에서 주문하면 깨지거나 맛없거나 하고 그런데 여기껀 그런거 없이 좋아요,"{'신선함': '적당해요', '생산지': '명확해요', '포장': '적당해요'}",5,5
채소애 (사업자 / 개인 사업자),"상품, 기타",5546458502,황토 알타리무 1단,lu****,24.11.01.,재구매알타리 무우가 싱싱하고 좋아요. 맛도 있고 크기도 좋습니다. 다먹으면 또 주문하겠습니다~,"{'신선함': '신선해요', '생산지': '명확해요', '포장': '적당해요'}",5,1
채소애 (사업자 / 개인 사업자),상품,5546458502,초롱무 1단,maya****,24.10.10.,재구매무우와 잎 상태는 신선하고 좋았습니다. 그런데 지난번 주문할때도'무우가 알타리김치 담을때 큰싸이즈 상태였는데 이번에는 과장해서 가을 김장김치 담을때 쓰는 무우처럼 너무 자랐더라고요 ㅜㅜ 알타리김치로 조각을 내서 담았더니 무우가 씹을때 아삭한 맛이 없어요 주문받으실때 좀더 신경써서 보내주셨으면 합니다,"{'구매자': '거주인원 3인신혼/부부', '신선함': '신선해요', '생산지': '명확해요', '포장': '적당해요'}",4,2
채소애 (사업자 / 개인 사업자),상품,5546458502,초롱무 1단,vita*******,24.10.05.,무가 크고 깨끗하고 싱싱해서 좋아요~ 마트나 시장에 총각무가 보이지않아 인터넷으로 처음 시켰는데 대만족입니다~~ 왠만한 마트보다 상품이 좋은듯~ 이상품에 이가격이면 고물가시대에 배송비들어도 저렴한 기분이네요~ 많이 쓰거나 맵지않아 더좋아요,"{'신선함': '신선해요', '생산지': '명확해요', '포장': '꼼꼼해요'}",5,2
채소애 (사업자 / 개인 사업자),상품,5546458502,초롱무 1단,pxs7***,24.11.05.,인터넷으로 이것저것 김치거리 주문해봤지만 여기처럼 별로인데는 없었네요.. 무우는 괜찮은데 잎파리가 먼가요? 다 씨들고 누렇고 무청넣고 김치담그는 거 좋아하는데 이건 머.. 얼마 붙어있지도 않지만 반절도 못 건지겠네요ㅠㅠ 왼만하면 좋은 말만 쓰는데 이건 절대 좋은 말이 안 나와요ㅠㅠ.. 딴 데서 주문한 쪽파라도 넣어서 걍 담글랍니다..,"{'신선함': '안신선해요', '생산지': '명확해요', '포장': '적당해요'}",2,1
채소애 (사업자 / 개인 사업자),상품,5546458502,초롱무 1단,tjdb*****,24.08.27.,두단 시켰는데 무 크기도 나쁘지 않고 이파리 버린 게 많았어도 적당해서 좋았는데 양이 적어 다시 재주문한 결과 이파리 거의 다 떼어내고 무 상태 안 좋아 다 오려내듯 손질했어요 진짜 무만 써야 되나 손질하고 나니 버리는 양이 무 부피 정도 되는 것 같네요 다신 안 시킵니다 음식 장사하는 사람으로서 이런 상태의 상품을 돈 받고 팔다니요? 깐 쪽파 상태는 좋았으나 흙들이 같이 들어 있어서 좀 아쉬웠는데 이번 무는 버리는 거 배송한 듯;; 정직하게 장사합시다 리뷰 안 쓰는 사람인데 정도가 심해서 써요,"{'구매자': '거주인원 3인영유아 가정', '신선함': '안신선해요', '생산지': '찾기 어려워요', '포장': '적당해요'}",1,24
채소애 (사업자 / 개인 사업자),상품,5546458502,초롱무 1단,geni********,24.11.10.,한 달 사용기 여름 무였는데 익으니 너무 맛있게 잘 먹었습니다.,"{'신선함': '신선해요', '생산지': '명확해요', '포장': '꼼꼼해요'}",5,0
채소애 (사업자 / 개인 사업자),상품,5546458502,초롱무 1단,hann*****,24.10.24.,무우는 좀 맵고 단맛 별로 없어요 왜 초롱무라고 했는지 모르겠음~ 많이 샀는데 후회,"{'신선함': '적당해요', '생산지': '찾기 어려워요', '포장': '적당해요'}",2,1
채소애 (사업자 / 개인 사업자),상품,5546458502,초롱무 1단,evas***,24.11.05.,한 달 사용기 재구매 아삭아삭 맛있는 달랑무~~ 초롱무라 더 아삭하고 시원한 맛이 끝내줘요^^,"{'신선함': '신선해요', '생산지': '명확해요', '포장': '적당해요'}",5,1
채소애 (사업자 / 개인 사업자),상품,5546458502,초롱무 1단,laur*******,24.11.08.,조금 작긴 하지만 초롱무 맞네요,"{'신선함': '신선해요', '생산지': '명확해요', '포장': '적당해요'}",5,1
채소애 (사업자 / 개인 사업자),상품,5546458502,초롱무 1단,omok***,24.10.29.,넘 커서 깜놀했지만 그에 비해 연하고 아삭거려서 만족합니다 맛있어요,"{'신선함': '신선해요', '생산지': '명확해요', '포장': '꼼꼼해요'}",5,1
채소애 (사업자 / 개인 사업자),상품,5546458502,무청없는 초롱무 1단,dlal*******,24.11.06.,한 달 사용기 적당히 무도 단단해서 잘 먹었어요,"{'신선함': '적당해요', '생산지': '명확해요', '포장': '적당해요'}",4,0
채소애 (사업자 / 개인 사업자),상품,5546458502,무청없는 초롱무 1단,lu****,24.10.12.,"싱싱하고 아삭하고 상품 좋습니다. 근데, 무게에 비해 박스테이프가 약하게 발라진 것 같아요.","{'신선함': '신선해요', '생산지': '명확해요', '포장': '꼼꼼해요'}",5,2
채소애 (사업자 / 개인 사업자),상품,5546458502,초롱무 1단,dlal*******,24.11.06.,한 달 사용기 열무가 있는 거랑 없는 거랑 같이 시켜서 담궜어요,"{'신선함': '적당해요', '생산지': '명확해요', '포장': '적당해요'}",4,0
채소애 (사업자 / 개인 사업자),상품,5546458502,황토 알타리무 1단,jalt*****,24.10.29.,달랑무가 너무 좋아요 오자마자 절궈서 담궜는데 빨리 익었으면 좋겠어요 ㅋ,"{'구매자': '거주인원 2인신혼/부부', '신선함': '신선해요', '생산지': '명확해요', '포장': '꼼꼼해요'}",5,1
채소애 (사업자 / 개인 사업자),상품,5546458502,초롱무 1단,jueu****,24.11.03.,한달 사용기 신선해서 잎사귀까지 살 담갔어요~,"{'구매자': '거주인원 2인신혼/부부', '신선함': '적당해요', '생산지': '명확해요', '포장': '적당해요'}",4,0
채소애 (사업자 / 개인 사업자),상품,5546458502,초롱무 1단,wonl******,24.10.19.,신선한데 무가 많이 크네요. 잎파리가 많이 없어서 그게 아쉬워요. 잘 받아서 김치 담았습니다.,"{'구매자': '거주인원 4인대가족', '신선함': '신선해요', '생산지': '명확해요', '포장': '꼼꼼해요'}",5,1
채소애 (사업자 / 개인 사업자),상품,5546458502,초롱무 1단,yskn****,24.10.21.,너무 맛있네요 조금 더 살걸 ㅎㅎ 다 먹고 다시 구매하러 올게요,"{'신선함': '신선해요', '생산지': '명확해요', '포장': '꼼꼼해요'}",5,1
채소애 (사업자 / 개인 사업자),상품,5546458502,황토 알타리무 1단,sids******,24.10.31.,좀 작은 크기가 많아요,"{'신선함': '신선해요', '생산지': '명확해요', '포장': '꼼꼼해요'}",5,0
채소애 (사업자 / 개인 사업자),기타,5546458502,초롱무 1단,wlfl****,24.10.27.,한달 사용기 맛있게 익어서 잘 먹고 있어요,"{'구매자': '거주인원 4인', '신선함': '신선해요', '생산지': '명확해요', '포장': '꼼꼼해요'}",5,0
채소애 (사업자 / 개인 사업자),기타,5546458502,초롱무 1단,zo****,24.11.09.,덕분에 맛있는 총각무를 먹을 수 있겠어요. 맛들기를 기다리는 중,"{'구매자': '거주인원 2인싱글', '신선함': '신선해요', '생산지': '명확해요', '포장': '꼼꼼해요'}",5,0
채소애 (사업자 / 개인 사업자),상품,5546458502,초롱무 1단,nene****,24.11.09.,재구매 무가 생각보다 커서 조금 당황했는데 무 맛은 괜찮아요,"{'신선함': '적당해요', '생산지': '명확해요', '포장': '적당해요'}",3,0
채소애 (사업자 / 개인 사업자),기타,5546458502,초롱무 1단,sjea***,24.10.24.,지인 부탁으로 구매했는데 만족합니다.,"{'구매자': '거주인원 3인영유아 가정', '신선함': '신선해요', '생산지': '명확해요', '포장': '적당해요'}",5,0
채소애 (사업자 / 개인 사업자),"상품, 기타",5546458502,초롱무 1단,cjst******,24.10.11.,양을 너무 적게 시킨 것 같아서 아쉽네요 무는 너무 예쁘고 맛있게 생겼어요 담에 또 구매하러 올게요,"{'신선함': '신선해요', '생산지': '명확해요', '포장': '꼼꼼해요'}",5,0
채소애 (사업자 / 개인 사업자),상품,5546458502,황토 알타리무 1단,seoy********,24.11.08.,그냥 시장에서 직접 보고 구매하는 걸 추천. 흙이 너무 많아 다듬기 매우 불편. 양은 많은데 무가 작음.,"{'구매자': '거주인원 3인취학자녀 가정', '신선함': '안신선해요', '생산지': '안써있어요', '포장': '적당해요'}",4,0
채소애 (사업자 / 개인 사업자),배송,5546458502,초롱무 1단,ka****,24.10.27.,빠른 배송에 만족합니다..,"{'신선함': '적당해요', '생산지': '명확해요', '포장': '적당해요'}",5,0
채소애 (사업자 / 개인 사업자),"상품, 기타",5546458502,초롱무 1단,park*****,24.10.27.,한달 사용기 너무 더운 날씨 때 주문한 야채라 별 기대는 안 하고 주문해봤어요. 역시나 기대에 못 미치기는 했지만 김치 담아서 잘 먹었네요~,"{'구매자': '거주인원 2인', '신선함': '안신선해요', '생산지': '안써있어요', '포장': '별로예요'}",4,0
채소애 (사업자 / 개인 사업자),상품,5546458502,황토 알타리무 1단,se****,24.11.05.,물건이 좋더라구요. 잘 받았습니다.,"{'구매자': '거주인원 1인', '신선함': '신선해요', '생산지': '명확해요', '포장': '꼼꼼해요'}",5,0
채소애 (사업자 / 개인 사업자),"상품, 배송",5546458502,무청없는 초롱무 1단,momo****,24.10.04.,잘 받았습니다. 작년에 주문하고 좋아서 올해도 샀어요~ 포장도 깔끔하고 무도 참 좋아 보여요. 잘 담아볼게요^^,"{'신선함': '신선해요', '생산지': '명확해요', '포장': '꼼꼼해요'}",5,0
채소애 (사업자 / 개인 사업자),상품,5546458502,초롱무 1단,lyu7*****,24.10.01.,재구매 싱싱해요 지난번에 시켰을 때보다 무가 크고 좋아요 맵긴 한데 익으면 맛있을 것 같아요,"{'신선함': '신선해요', '생산지': '찾기 어려워요', '포장': '꼼꼼해요'}",5,0
채소애 (사업자 / 개인 사업자),상품,5546458502,초롱무 1단,33****,24.10.29.,무도 싱싱하고 잎도 상태가 좋았습니다. 맛있게 김치 담가 먹고 또 주문했습니다 많이 파세요,"{'신선함': '신선해요', '생산지': '명확해요', '포장': '꼼꼼해요'}",5,0
채소애 (사업자 / 개인 사업자),"상품, 기타",5546458502,초롱무 1단,kkdy*****,24.11.07.,무도 단단하고 맛도 좋아요 재구매합니다,"{'신선함': '신선해요', '생산지': '명확해요', '포장': '꼼꼼해요'}",5,0
채소애 (사업자 / 개인 사업자),상품,5546458502,무청 없는 초롱무 1단,kba1***,24.11.06.,한달 사용기 맛있어요 가격만 좀 싸면 더,"{'신선함': '신선해요', '생산지': '명확해요', '포장': '꼼꼼해요'}",4,0
채소애 (사업자 / 개인 사업자),기타,5546458502,초롱무 1단,jams**********,24.11.06.,김장 맛있게 해볼게요 감사합니다,"{'신선함': '신선해요', '생산지': '명확해요', '포장': '꼼꼼해요'}",5,0
채소애 (사업자 / 개인 사업자),상품,5546458502,황토 알타리무 1단 (10/28 출고),yunj******,24.11.01.,가을 무라 역시 맛있어요 김치 담그니 밥도둑입니다,"{'신선함': '신선해요', '생산지': '명확해요', '포장': '꼼꼼해요'}",5,0
채소애 (사업자 / 개인 사업자),상품,5546458502,초롱무 1단,star*****,24.10.18.,한달 사용기 열무김치를 한참 전에 담갔는데 아직도 먹고 있네요. 너무 많이 산 듯해요. 아직까지 아삭한 식감이 있으며 맛있게 잘 먹고 있어요.,"{'구매자': '거주인원 3인 대가족', '신선함': '적당해요', '생산지': '찾기 어려워요', '포장': '적당해요'}",3,0
채소애 (사업자 / 개인 사업자),"상품, 기타",5546458502,황토 알타리무 1단,wang****,24.11.06.,매번 시키는 곳입니다 신선하고 좋습니다,"{'구매자': '거주인원 3인 영유아 가정', '신선함': '신선해요', '생산지': '명확해요', '포장': '꼼꼼해요'}",5,0
채소애 (사업자 / 개인 사업자),상품,5546458502,초롱무 1단,lond*****,24.10.19.,한달 사용기 재구매 맛나요 아주 좋아서 강추,"{'구매자': '거주인원 4인 영유아 가정', '신선함': '신선해요', '생산지': '명확해요', '포장': '꼼꼼해요'}",5,0
채소애 (사업자 / 개인 사업자),"상품, 배송",5546458502,초롱무 1단,miso******,24.10.09.,"밭에서 바로 뽑아 보낸 듯 싱싱하게 배송되었어요. 무가 깨끗하고 단단하고 예뻐요. 다만 저녁 7시 넘어 도착해, 김치 다 담으니 밤 12시가 넘었네요. 야채를 밤중에 배송~ 맘에 안 드는 택배사. 우리 동네만 그런 거겠죠?","{'신선함': '신선해요', '생산지': '명확해요', '포장': '적당해요'}",5,0
채소애 (사업자 / 개인 사업자),상품,5546458502,황토 알타리무 1단,cook***,24.11.03.,이파리에 떡잎이 많았어요 근데 담가놓으니 맛나네요~,"{'구매자': '거주인원 3인 대가족', '신선함': '적당해요', '생산지': '명확해요', '포장': '적당해요'}",2,1
채소애 (사업자 / 개인 사업자),기타,5546458502,초롱무 1단,nakh******,24.10.23.,잘 받았습니다~~~,"{'신선함': '신선해요', '생산지': '명확해요', '포장': '꼼꼼해요'}",5,0
채소애 (사업자 / 개인 사업자),상품,5546458502,무청 없는 알타리무 1단,kims*****,24.11.05.,무에 검정 반점이 많고 잎이 시들해요ㅜ,"{'신선함': '안신선해요', '생산지': '찾기 어려워요', '포장': '적당해요'}",1,1
채소애 (사업자 / 개인 사업자),상품,5546458502,초롱무 1단,alwe***,24.10.18.,무 상태가 좋아요 김치 담았어요,"{'신선함': '신선해요', '생산지': '찾기 어려워요', '포장': '꼼꼼해요'}",5,0
채소애 (사업자 / 개인 사업자),상품,5546458502,황토 알타리무 1단,qhaa****,24.11.07.,싱싱합니다 재주문 하려구요,"{'신선함': '신선해요', '생산지': '명확해요', '포장': '꼼꼼해요'}",5,0
채소애 (사업자 / 개인 사업자),상품,5546458502,초롱무 1단,gl****,24.10.11.,두 단 사서 김치 담았어요 무가 상당히 단단하네요,"{'신선함': '신선해요', '생산지': '명확해요', '포장': '꼼꼼해요'}",5,0
채소애 (사업자 / 개인 사업자),기타,5546458502,무청 없는 초롱무 1단,zo****,24.11.09.,맛들비를 기다리고 있어요.,"{'구매자': '거주인원 2인 싱글', '신선함': '신선해요', '생산지': '명확해요', '포장': '꼼꼼해요'}",5,0
채소애 (사업자 / 개인 사업자),상품,5546458502,초롱무 1단,sopi*******,24.11.03.,채소는 싱싱해야 하는데 신선도 떨어져요,"{'신선함': '안신선해요', '생산지': '명확해요', '포장': '적당해요'}",2,1
채소애 (사업자 / 개인 사업자),"상품, 배송",5546458502,초롱무 1단,skyl*******,24.10.05.,한달 사용기 배송도 빠르고 잎이랑 무가 싱싱하고 좋아요.,"{'신선함': '신선해요', '생산지': '명확해요', '포장': '꼼꼼해요'}",5,0
채소애 (사업자 / 개인 사업자),상품,5546458502,초롱무 1단,ab****,24.09.26.,무가 모래 상처가 좀 많아서 씻기 힘들었어요. 맵고 단단한 무더라구요,"{'신선함': '적당해요', '생산지': '명확해요', '포장': '적당해요'}",4,1
채소애 (사업자 / 개인 사업자),상품,5546458502,초롱무 1단,gytj*****,24.10.12.,무 신선하고 좋아요~,"{'신선함': '적당해요', '생산지': '명확해요', '포장': '적당해요'}",4,0
채소애 (사업자 / 개인 사업자),상품,5546458502,초롱무 1단,leem*****,24.10.09.,한단에 초롱무 열 개이고 신선하고 괜찮았어요~~~,"{'신선함': '신선해요', '생산지': '명확해요', '포장': '꼼꼼해요'}",4,1
채소애 (사업자 / 개인 사업자),상품,5546458502,초롱무 1단,nt****,24.10.11.,알타리 무는 너무 크고 바람까지 들었네요,"{'신선함': '안신선해요', '생산지': '안 써있어요', '포장': '적당해요'}",2,1
채소애 (사업자 / 개인 사업자),기타,5546458502,초롱무 1단,momo****,24.10.04.,만족합니다 😊 또 사러 올게요 ~~ 감사합니다,"{'신선함': '신선해요', '생산지': '명확해요', '포장': '꼼꼼해요'}",5,0
채소애 (사업자 / 개인 사업자),상품,5546458502,초롱무 1단,jjhh****,24.10.30.,재구매 싱싱한 무 잘 받았습니다,"{'신선함': '신선해요', '생산지': '명확해요', '포장': '꼼꼼해요'}",5,0
채소애 (사업자 / 개인 사업자),상품,5546458502,초롱무 1단,kim6*****,24.10.04.,갓 뽑은것처럼 싱싱했어요 잎새도 버릴 것이 거의 없어 좋았어요 재료가 신선하니 맛있게 담궈져 잘 먹고 있습니다,"{'구매자': '거주인원 3인 취학자녀 가정', '신선함': '신선해요', '생산지': '명확해요', '포장': '꼼꼼해요'}",5,0
채소애 (사업자 / 개인 사업자),"상품, 기타",5546458502,초롱무 1단,evas***,24.10.07.,재구매 이번에도 싱싱한 초롱무 잘 받아서 알타리 김치 담궜어요~^^,"{'신선함': '신선해요', '생산지': '명확해요', '포장': '적당해요'}",5,0
채소애 (사업자 / 개인 사업자),상품,5546458502,초롱무 1단 (바로발송),jho7***,24.11.01.,가격도 착하고 제품도 좋아요,"{'신선함': '신선해요', '생산지': '명확해요', '포장': '꼼꼼해요'}",5,0
채소애 (사업자 / 개인 사업자),상품,5546458502,초롱무 1단,lu****,24.10.12.,무가 크고 아삭합니다~,"{'신선함': '신선해요', '생산지': '명확해요', '포장': '적당해요'}",5,0
채소애 (사업자 / 개인 사업자),상품,5546458502,초롱무 1단,jane****,24.09.29.,한달 사용기 정말 싱싱한 초롱무 그런데 알타리 맛이 더 좋아요,"{'구매자': '거주인원 4인 대가족', '신선함': '신선해요', '생산지': '명확해요', '포장': '적당해요'}",5,0
채소애 (사업자 / 개인 사업자),기타,5546458502,초롱무 1단,mh****,24.10.31.,한달 사용기 맛있게 잘 먹었어요,"{'신선함': '신선해요', '생산지': '명확해요', '포장': '꼼꼼해요'}",5,0
채소애 (사업자 / 개인 사업자),상품,5546458502,초롱무 1단,me****,24.10.02.,한달 사용기 초롱무는 첨 담아봤는데 아삭거리고 너무 맛나게 잘 먹었습니다.,"{'구매자': '거주인원 4인', '신선함': '신선해요', '생산지': '명확해요', '포장': '꼼꼼해요'}",5,0
채소애 (사업자 / 개인 사업자),상품,5546458502,초롱무 1단,sys1****,24.10.21.,한달 사용기 싱싱하고 알타리김치 담궈 먹었더니 맛이 끝내주네요,"{'구매자': '거주인원 3인 대가족', '신선함': '신선해요', '생산지': '명확해요', '포장': '꼼꼼해요'}",5,0
채소애 (사업자 / 개인 사업자),"상품, 기타",5546458502,초롱무 1단,evas***,24.10.01.,한달 사용기 재구매 맛있는 초롱무 알타리 김치 담궈서 너무 잘 먹었어요,"{'신선함': '신선해요', '생산지': '명확해요', '포장': '꼼꼼해요'}",5,0
채소애 (사업자 / 개인 사업자),"상품, 배송",5546458502,초롱무 1단,choi*******,24.10.26.,싱싱하게 잘 포장되어 왔습니다 무가 아직은 매운 기가 있네요,"{'구매자': '거주인원 4인 취학자녀 가정', '신선함': '신선해요', '생산지': '명확해요', '포장': '꼼꼼해요'}",5,0
채소애 (사업자 / 개인 사업자),배송,5546458502,무청 없는 초롱무 1단,dnja****,24.10.26.,한달 사용기 배송 빠르고 좋아요,"{'신선함': '신선해요', '생산지': '명확해요', '포장': '꼼꼼해요'}",5,0
채소애 (사업자 / 개인 사업자),기타,5546458502,초롱무 1단,if****,24.10.04.,개인적으로 2번째 구매인데 만족합니다,"{'신선함': '적당해요', '생산지': '찾기 어려워요', '포장': '적당해요'}",4,0
채소애 (사업자 / 개인 사업자),상품,5546458502,초롱무 1단,dr****,24.10.19.,무가 작지는 않네요~ 신선하기도 하고,"{'신선함': '신선해요', '생산지': '명확해요', '포장': '적당해요'}",5,0
채소애 (사업자 / 개인 사업자),"상품, 기타",5546458502,초롱무 1단,pata******,24.10.23.,재구매 무가 연하고 맛있어서 늘 여기서만 시켜요,"{'구매자': '거주인원 3인 취학자녀 가정', '신선함': '신선해요', '생산지': '명확해요', '포장': '꼼꼼해요'}",5,0
채소애 (사업자 / 개인 사업자),"배송, 기타",5546458502,초롱무 1단,maya****,24.09.30.,다리를 다쳐 깁스를 하는 바람에 장을 보러 시장을 못 가서 반신반의 하며 구매했는데 김치 담아 살짝 익혀서 먹으니 넘 아삭아삭 맛있게 먹었어요 포장도 스치로폼 박스에 잘 담아져 배송되었구요 ^^,"{'신선함': '신선해요', '생산지': '명확해요', '포장': '꼼꼼해요'}",5,0
채소애 (사업자 / 개인 사업자),"상품, 기타",5546458502,초롱무 1단,shil******,24.10.25.,상품 좋아서 계속 구매합니다,"{'신선함': '적당해요', '생산지': '찾기 어려워요', '포장': '적당해요'}",4,0
채소애 (사업자 / 개인 사업자),상품,5546458502,초롱무 1단,p_****,24.10.14.,한달 사용기 단단하고 싱싱하네요 총각김치로 담았는데 잎도 싱싱해 많은 양을 담글 수 있었어요 맛있어요,"{'신선함': '신선해요', '생산지': '명확해요', '포장': '꼼꼼해요'}",5,0
채소애 (사업자 / 개인 사업자),상품,5546458502,무청 없는 초롱무 1단,hiph********,24.08.28.,알타리 담기엔 늦어서 검색하다 보니 초롱무가 맛있을 때라고 해서 처음 구입해 봤는데 아주 만족스러웠어요~ 무청 없는 걸로 선택했는데 진짜 찐으로 무청 한개도 없이 완전 깔끔하게 보내주셨어요~ 바로 김치 담았는데 맛있으면 바로 또 주문할께요,"{'신선함': '신선해요', '포장': '꼼꼼해요', '생산지': '안 써있어요'}",5,1
채소애 (사업자 / 개인 사업자),상품,5546458502,초롱무 1단,spic****,24.10.22.,초롱무가 싱싱하고 단단해서 좋습니다,"{'구매자': '거주인원 2인 신혼/부부', '신선함': '신선해요', '생산지': '명확해요', '포장': '꼼꼼해요'}",5,0
채소애 (사업자 / 개인 사업자),"상품, 교환 / 환불",6264183522,배추 3포기,xj****,24.10.11.,배추가 날씨때문에 병들었다고 뉴스에서 듣긴해서 감안하고 주문했습니다 전체적으로 다 싱싱합니다 그런데 점박이 좀있는편이구요 안에는 판매자분이 확인하실 수 없으니 농한부분들이 있더라구요 진짜 싱싱한데 안은 누렇고...병든애를 먹을수없을것같아서 한포기는 버렸습니다.더운날 날씨때문에 배추수확률때문에 우울하실것같은 판매자님 생각에 따로 환불요청은 안합니다. 김치는 담궜는데 맛있었어요,"{'신선함': '신선해요', '생산지': '명확해요', '포장': '꼼꼼해요'}",4,0
채소애 (사업자 / 개인 사업자),"상품, 배송",6264183522,배추 4포기,wjsw********,24.11.04.,배추랑 알타리는 싱싱하고 좋았는데 파는 포장안에 중간부분이 진물러진게 조금있었고 박스포장 한부분이 터져서왔어요,"{'구매자': '거주인원 2인신혼/부부', '신선함': '적당해요', '생산지': '명확해요', '포장': '별로예요'}",4,0
채소애 (사업자 / 개인 사업자),상품,6264183522,배추 3포기,kjin*****,24.11.10.,배추가 고소하고 달고 좋아요.,"{'구매자': '거주인원 4인', '신선함': '신선해요', '생산지': '명확해요', '포장': '꼼꼼해요'}",5,0
채소애 (사업자 / 개인 사업자),상품,6264183522,배추 4포기,dmsa*****,24.10.11.,구매확정  안 누를려다가  리분로  한마디  할려면  구매확정해야해서  울며겨자먹기로 구매확정  눌렀음 김장하기 전  먹을 김치  오빠네  좀 보내주려고 구매한건데  올해 배추농사  망했다는  소리는  들었지만  한통에 만원  넘는  배추가 겉잎 떼고나니  알배추만하네요 속도 없어요 사진이  네통이예요 ㅋㅋㅋ  상세페이지에  이미지는 어디서  주워온  사진인가요 고랭지배추  아닙니다 다른 구매자 분들  아시고  사세요 이 판매자님 여름에  알타리  팔때도  참  매너없더니 이럴거  같음   우리동네  마트에서  살 걸  후회가  되네요,"{'구매자': '거주인원 3인취학자녀 가정', '신선함': '안신선해요', '생산지': '안써있어요', '포장': '별로예요'}",1,7
채소애 (사업자 / 개인 사업자),상품,6264183522,배추 3포기,fory********,24.11.11.,3포기만 썰었는데도 양이 많더라구요   혹시나 작을까 6통시켰는데 나머진 나눔했어용  달달하니 맛나요,"{'구매자': '거주인원 2인신혼/부부', '신선함': '신선해요', '생산지': '명확해요', '포장': '꼼꼼해요'}",5,0
채소애 (사업자 / 개인 사업자),상품,6264183522,배추 3포기,yinw****,24.10.05.,주문해서 담근지 좀 되었지만 김치가 너무 맛나게 되어서 올립니다 너무 두툼하지도 않고 적당히 절인 배추 떼어서 먹었더니 너무 고소하고 달고 맛나네요 조금더 주문했음 백김치 담아도 시원하고 맛나겠네요 힘든시기에 제 리뷰가 도움이 되셨음 좋겠습니다  감사히 잘먹겠습니다~~~^^,"{'구매자': '거주인원 3인대가족', '신선함': '신선해요', '생산지': '명확해요', '포장': '꼼꼼해요'}",5,2
채소애 (사업자 / 개인 사업자),상품,6264183522,배추 3포기,aahj****,24.11.09.,아주아주 속도 꽉차고 딜고 맛잇어요 싱한거 하나없어요,"{'구매자': '거주인원 3인싱글', '신선함': '신선해요', '생산지': '명확해요', '포장': '꼼꼼해요'}",5,0
채소애 (사업자 / 개인 사업자),"상품, 배송",6264183522,배추 3포기,mari*****,24.10.18.,재구매여러번 김장도 하고 국도 끓이고 늘 배추 자체는 달고 맛남. 차돌 배기 돌돌 말아서 쪄먹으면 최고 근데 한개는 깨져서왔어요 . 전엔 한번도 안그랬는데  후기봐도 그렇고 배송업체를 바뀌셨으면 확인한번~~하셔요 다 먹고 또 주문할께용,"{'신선함': '신선해요', '생산지': '명확해요', '포장': '적당해요'}",5,0
채소애 (사업자 / 개인 사업자),상품,6264183522,배추 4포기,skyl*******,24.10.15.,한달사용기김치담아서 지금까지 잘 먹고 있어요. 여름 더위에 이정도 상태는 양호하다 생각합니다. 8포기 구매해서 1포기는 상태가 많이 안좋아 버리고 1포기는 사진처럼 조금 안좋아서 다듬었고 6포기는 상태 아주 좋았어요.,"{'신선함': '신선해요', '생산지': '명확해요', '포장': '적당해요'}",5,0
채소애 (사업자 / 개인 사업자),상품,6264183522,배추 3포기,ghqk*****,24.11.11.,크고실합니다 살짝 상한부분이 있으나 조아요,"{'구매자': '거주인원 4인신혼/부부', '신선함': '신선해요', '생산지': '명확해요', '포장': '꼼꼼해요'}",5,0
채소애 (사업자 / 개인 사업자),상품,6264183522,배추 3포기,wooj*****,24.11.07.,넘넘 맛나고 싱싱하고 좋아요^^♡,"{'구매자': '거주인원 2인신혼/부부', '신선함': '신선해요', '생산지': '명확해요', '포장': '꼼꼼해요'}",5,0
채소애 (사업자 / 개인 사업자),상품,6264183522,배추 3포기,ob****,24.11.03.,엄청커요 무거워서 1포기씩 날랐어요 김치양이 엄청나겠어요,"{'구매자': '거주인원 3인취학자녀 가정', '신선함': '신선해요', '생산지': '안써있어요', '포장': '적당해요'}",5,0
채소애 (사업자 / 개인 사업자),기타,6264183522,배추 4포기,sp****,24.11.01.,한달사용기이 배추로 김치한거 오래맛나게 먹고있어여 재구매 하려구요^^,"{'신선함': '신선해요', '생산지': '명확해요', '포장': '꼼꼼해요'}",5,0
채소애 (사업자 / 개인 사업자),상품,6264183522,배추 3포기,sken*****,24.09.11.,고랭지배추도 아닌것을 사기치나요?  속도 안차고 중국배추를 속이고 소비자를 속입니까? 이건 명백히 사기입니다.고랭지배추래서 샀더니 키도고랭지배추사이즈도 아니고 사기치고 팔지마세요,"{'신선함': '안신선해요', '생산지': '명확해요', '포장': '별로예요'}",1,13
채소애 (사업자 / 개인 사업자),기타,6264183522,배추 3포기,wdcw***,24.11.06.,한달사용기겉절이해먹었어요 맛있어요,"{'신선함': '신선해요', '생산지': '명확해요', '포장': '꼼꼼해요'}",5,0
채소애 (사업자 / 개인 사업자),"상품, 기타",6264183522,배추 3포기,acme*****,24.11.05.,배추 알이 크고 속이 꽉찼데다  아삭하고 고소하면서 달기까지해서  완전 만족했습니다.  여기서 절임배추도 주문하려 합니다.,"{'구매자': '거주인원 4인대가족', '신선함': '신선해요', '생산지': '명확해요', '포장': '꼼꼼해요'}",5,0
채소애 (사업자 / 개인 사업자),"상품, 기타",6264183522,배추 4포기,suji*********,24.10.30.,재구매채소애에서 두번째 구매하는데  첫번째보다 이번이 훨씬 배추가 너무 싱싱하고 좋아요. 계속 구매할 생각입니다^^사장님 감사합니다,"{'신선함': '신선해요', '생산지': '명확해요', '포장': '꼼꼼해요'}",5,0
채소애 (사업자 / 개인 사업자),상품,6264183522,배추 3포기,medi****************,24.10.28.,"사정이 있어서 뒤늦게 박스를 열었는데, 안정적이어서 다행이었고, 겉잎만 절여서 먹었는데도 맛있었어요. 제가 배추를 많이 시킨 적은 없지만 단계적으로 품질이 좋았어요. 의도한 적은 없지만요.","{'신선함': '신선해요', '생산지': '명확해요', '포장': '꼼꼼해요'}",5,0
채소애 (사업자 / 개인 사업자),상품,6264183522,배추 3포기,sm19****,24.10.30.,배추가 너무 좋아 이 집 대박날거 같아요 세상에 버리는 이파리하나 없이 어찌나 속이 좋은지 좋은배추 보내주셔서 정말 감사드리니다,"{'신선함': '신선해요', '생산지': '명확해요', '포장': '꼼꼼해요'}",5,0
채소애 (사업자 / 개인 사업자),상품,6264183522,배추 4포기,skyl*******,24.08.20.,겉으로 보기엔 아주 좋아요. 그런데 잘라보니 상태가 안좋은것도 있고 좋은것도 있네요. 이렇게 더운 날씨에 이정도로 키워낸다는게 보통일 아닌데.. 날씨에 비하면 배추 상태 좋습니다. 잘라서 속을 보지않는 이상 좋은지 안좋은지 모르니 ...겉은 멀쩡한걸 보내와도 잘라서 보면 안좋은게 있을수 있지 싶어요. 이 더위에 배추상태가 이정도면 양호하다 생각합니다. 추석도 다가오고 미리 김치 담으려고 8포기 주문했습니다. 1~2포기만 상태가 좀 안좋고 다른건 다 괜찮았어요. 한포기는 너무 안좋아서 다 버리고 한포기는 그나마 괜찮아서 버릴건 버리고 쓸만한건 절였네요. 배송이 오후 늦게 오는 바람에 아직도 배추가 절여지고 있습니다.^^ 김치 잘 담가서 먹을게요.좋은 배추 보내주셔서 감사합니다.,"{'신선함': '신선해요', '생산지': '명확해요', '포장': '적당해요'}",4,4
채소애 (사업자 / 개인 사업자),상품,6264183522,배추 3포기,cycl****,24.11.07.,재구매자주 구매해요 신선하고 배추 상태가 좋아요,"{'구매자': '거주인원 4인취학자녀 가정', '신선함': '신선해요', '생산지': '명확해요', '포장': '꼼꼼해요'}",5,0
채소애 (사업자 / 개인 사업자),배송,6264183522,배추 4포기,ai****,24.10.18.,바로 택배가 와서 놀랐어요.배추값이 금값이니 다들 홧팅,"{'신선함': '신선해요', '생산지': '명확해요', '포장': '적당해요'}",5,0
채소애 (사업자 / 개인 사업자),배송,6264183522,배추 3포기,ka****,24.10.27.,빠른 배송에 만족합니다..,"{'신선함': '적당해요', '생산지': '명확해요', '포장': '적당해요'}",5,0
채소애 (사업자 / 개인 사업자),상품,6264183522,배추 3포기,cycl****,24.11.08.,한달사용기재구매신선하고 좋아요 믿고 구매해요,"{'구매자': '거주인원 4인취학자녀 가정', '신선함': '신선해요', '생산지': '명확해요', '포장': '꼼꼼해요'}",5,0
채소애 (사업자 / 개인 사업자),기타,6264183522,배추 3포기,hans******,24.11.09.,만족합니다  번창하세요,"{'구매자': '거주인원 3인', '신선함': '적당해요', '생산지': '명확해요', '포장': '꼼꼼해요'}",5,0
채소애 (사업자 / 개인 사업자),상품,6264183522,배추 3포기,ai****,24.10.18.,배추가 실해요 걱정 많이 했능데,"{'신선함': '신선해요', '생산지': '명확해요', '포장': '꼼꼼해요'}",5,0
채소애 (사업자 / 개인 사업자),상품,6264183522,배추 4포기,rua5***,24.10.11.,재구매알이 덜차긴 했네용..ㅜ 그래도 김치는 맛있게 잘 담았어요!,"{'신선함': '신선해요', '생산지': '명확해요', '포장': '꼼꼼해요'}",5,0
채소애 (사업자 / 개인 사업자),"상품, 기타",6264183522,배추 3포기,ljc6*****,24.11.01.,좋아요   좋아요   좋아요 참좋아요신싱하고,"{'구매자': '거주인원 5인대가족', '신선함': '신선해요', '생산지': '명확해요', '포장': '꼼꼼해요'}",5,0
채소애 (사업자 / 개인 사업자),상품,6264183522,배추 3포기,yuip***,24.11.06.,물품이 좋습니다 최고네요,"{'신선함': '신선해요', '생산지': '명확해요', '포장': '꼼꼼해요'}",5,0
채소애 (사업자 / 개인 사업자),상품,6264183522,배추 3포기,minj********,24.11.10.,싱싱하고 좋아요~^^,"{'신선함': '신선해요', '생산지': '명확해요', '포장': '꼼꼼해요'}",5,0
채소애 (사업자 / 개인 사업자),상품,6264183522,배추 3포기,dark********,24.09.29.,배추 상태 너무 나쁘네요. 전체적으로 검은 점들이 있는데 그 중에 한포기는 너무 심해서 버렸습니다. 배추는 속이 안 차있고 쓴맛이 납니다.,"{'신선함': '안신선해요', '생산지': '안써있어요', '포장': '적당해요'}",1,5
채소애 (사업자 / 개인 사업자),상품,6264183522,배추 4포기,anat*******,24.09.26.,"식당에서 배추를 사용하는데 요즘 배추가 너무 비싸고 상태도 안 좋아서 인터넷으로 구매해봤어요~ 무게가 살짝 가벼운감이 있지만 인근 식자재 및 대형마트보다 상태 좋고, 조금 더 저렴하네요! 당분간 계속 구매해볼게요 :)","{'신선함': '신선해요', '생산지': '찾기 어려워요', '포장': '꼼꼼해요'}",5,0
채소애 (사업자 / 개인 사업자),상품,6264183522,배추 4포기,tbto*****,24.11.08.,싱싱하고 알이좋네요,"{'신선함': '적당해요', '생산지': '명확해요', '포장': '적당해요'}",4,0
채소애 (사업자 / 개인 사업자),상품,6264183522,배추 3포기,yx****,24.10.30.,한달사용기한동안 정말삐싼채소였는대 조금은 만족수럽지안지만 잘먹었습나더,"{'구매자': '거주인원 2인신혼/부부', '신선함': '적당해요', '생산지': '명확해요', '포장': '적당해요'}",4,0
채소애 (사업자 / 개인 사업자),기타,6264183522,배추 4포기,ntns***,24.10.29.,한달사용기조아요 자주이용할게요.,"{'구매자': '싱글', '신선함': '적당해요', '생산지': '찾기 어려워요', '포장': '적당해요'}",5,0
채소애 (사업자 / 개인 사업자),상품,6264183522,배추 3포기,hang******,24.10.23.,이비싼 배추를 빈도 못쓰고 버렸어요 병이들어서 속상하네요  전화도 안받고 ᆢ,"{'구매자': '거주인원 4인', '신선함': '적당해요', '생산지': '안써있어요', '포장': '적당해요'}",1,1
채소애 (사업자 / 개인 사업자),상품,6264183522,배추 3포기,koss****,24.10.31.,한달사용기너무 무더워서인지 배추가 안좋아요,"{'구매자': '거주인원 4인취학자녀 가정', '신선함': '안신선해요', '생산지': '찾기 어려워요', '포장': '별로예요'}",2,0
채소애 (사업자 / 개인 사업자),기타,6264183522,배추 4포기,85****,24.10.30.,한달사용기재구매상품은 마음에 안들지만 불편처리를 잘패주시네요,"{'신선함': '적당해요', '생산지': '찾기 어려워요', '포장': '별로예요'}",1,0
채소애 (사업자 / 개인 사업자),배송,6264183522,배추 3포기,roke******,24.10.17.,잘받음 ㅎㅎ 굿 ㅎㅎ,"{'신선함': '신선해요', '생산지': '명확해요', '포장': '꼼꼼해요'}",5,0
채소애 (사업자 / 개인 사업자),배송,6264183522,배추 3포기,oper****,24.11.01.,배송빠르고좋아요ㅎㅎ,"{'신선함': '신선해요', '생산지': '명확해요', '포장': '꼼꼼해요'}",5,0
채소애 (사업자 / 개인 사업자),상품,6264183522,배추 3포기,dark***,24.10.26.,비쌀때잘썻어요~~배추가좋아요~,"{'구매자': '거주인원 4인영유아 가정', '신선함': '신선해요', '생산지': '명확해요', '포장': '꼼꼼해요'}",5,0
채소애 (사업자 / 개인 사업자),기타,6264183522,배추 3포기,kkoo****,24.10.28.,한달사용기배추 구하기 힘들었는데 맛있게 잘먹었습니다.,"{'구매자': '거주인원 1인싱글', '신선함': '신선해요', '생산지': '명확해요', '포장': '꼼꼼해요'}",5,0
채소애 (사업자 / 개인 사업자),상품,6264183522,배추 3포기,heek*****,24.09.10.,배추가 아직 김장전이라 속이 완전히 차있지는 않지만 너무 신선하고 맛도 좋아요 이 시기에 완전 만족하고 감사합니다,"{'신선함': '신선해요', '생산지': '명확해요', '포장': '꼼꼼해요'}",5,1
채소애 (사업자 / 개인 사업자),기타,6264183522,배추 3포기,skid***,24.10.31.,한달사용기넘  맛있게 잘 먹었습니다,"{'구매자': '거주인원 4인영유아 가정', '신선함': '신선해요', '생산지': '명확해요', '포장': '꼼꼼해요'}",4,0
채소애 (사업자 / 개인 사업자),상품,6264183522,배추 3포기,pomy***,24.09.24.,엄마 마음에  안드신데요  길이가  길고숱도없다고요 맛없는 배추 라고  하시네요,"{'신선함': '적당해요', '생산지': '찾기 어려워요', '포장': '적당해요'}",3,1
채소애 (사업자 / 개인 사업자),배송,6264183522,배추 3포기,nana******,24.10.03.,배추상태 양호하게 잘받았습니다. 맛나게 잘 먹을께요~,"{'신선함': '신선해요', '생산지': '명확해요', '포장': '꼼꼼해요'}",5,0
채소애 (사업자 / 개인 사업자),상품,6264183522,배추 3포기,rode****,24.09.02.,배추는 속이 꽉차잇지는 않지만 좋은 제품임에 틀림없습니다 백김치 담궈 먹으려고 주문햇는데 억센 부분이 좀 많아서 많이 떼어냇더니 저만큼이네여 금요일 부터 택배가 움직이지 않아서 식품이라 걱정햇는데 한개 제품빼고는 속이 썩지 않아서 그냥 구매 확정합니다ㅎ 급하게 사용해야되는 상황이기도 해서 ㅎㅎ 포장은 신문지로 배추를 돌돌말아주셧고 아이스팩 2개동봉해서 보내주셧어여ㅎ,"{'신선함': '적당해요', '생산지': '명확해요', '포장': '적당해요'}",4,1
채소애 (사업자 / 개인 사업자),상품,6264183522,배추 3포기,lp****,24.10.08.,한달사용기여름배추로는 좋아요,"{'신선함': '신선해요', '생산지': '명확해요', '포장': '꼼꼼해요'}",5,0
채소애 (사업자 / 개인 사업자),상품,6264183522,배추 4포기,dlwl******,24.09.30.,배추 키우기가  어려운데  연중재배라 하니 깜짝 놀랐어요 집에 김치가  있는데 매운것을 못먹어 하는 며느리 때문에  담았어요 머무리자 마자 밥들고 오는  남편때문에 웬일이니  깜놀 배추 맛나다 칭찬  감사합니다,"{'구매자': '거주인원 4인대가족', '신선함': '신선해요', '생산지': '명확해요', '포장': '꼼꼼해요'}",5,0
채소애 (사업자 / 개인 사업자),상품,6264183522,배추 4포기,dhtj*****,24.09.27.,매장에서 김장해서 주문했는데 정말 신선하고 좋네요 요즘 마트꺼는 너무 버리고 멍도 많이 들어있는데 진짜 멍도 없고 좋습니다 배추값이 오른건 어쩔수 없는데 배추가 단단해서 좋아요 감사합니다,"{'신선함': '신선해요', '생산지': '명확해요', '포장': '꼼꼼해요'}",5,0
채소애 (사업자 / 개인 사업자),상품,6264183522,배추 3포기,este*****,24.10.30.,한달사용기배추가 적당히 괜잖아요,"{'신선함': '신선해요', '생산지': '명확해요', '포장': '꼼꼼해요'}",5,0
채소애 (사업자 / 개인 사업자),"상품, 기타",6264183522,배추 4포기,kmj8***,24.10.20.,상품에 대해 문의를 했는데 사장님의 친철한 응대와 상품도 좋아요,"{'구매자': '거주인원 5인대가족', '신선함': '신선해요', '생산지': '명확해요', '포장': '꼼꼼해요'}",5,0
채소애 (사업자 / 개인 사업자),상품,6264183522,배추 3포기,wy****,24.10.23.,배추 싱싱하고 아주 좋네요,"{'신선함': '신선해요', '생산지': '찾기 어려워요', '포장': '꼼꼼해요'}",5,0
채소애 (사업자 / 개인 사업자),상품,6264183522,배추 3포기,cjst******,24.10.12.,한달사용기배추도 좋고 김치담가  맛있게 먹었네요 지인이 먹어보고 배추가 좋아서 맛있다 하네요,"{'신선함': '신선해요', '생산지': '명확해요', '포장': '꼼꼼해요'}",5,0
채소애 (사업자 / 개인 사업자),"상품, 배송",6264183522,배추 3포기,suny****,24.09.29.,배송이 늦어져서 금배추 1통이 물러서 와서  버렸는데 야채라서 반품할수도 없고 약간 화가 났네요ㆍ 생산자님 잘못이 아니라서  꾹 참고 김치를 담갔는데  겨울배추의 고소함은 없지만 나름 와삭하고 겉전ㅅ이 용으로 딱 이네요 ㆍ  아고 아까워  내 배추 한통 ㅠㅠ  맛있게 잘 먹겠습니다ㆍ,"{'신선함': '적당해요', '생산지': '명확해요', '포장': '꼼꼼해요'}",5,0
채소애 (사업자 / 개인 사업자),상품,6264183522,배추 3포기,joel******,24.09.05.,김치담으려고 샀는데 속이 실하네요. 여름배추라서 군데군데 조금 물러진데가 있긴하지만 김치담그니까 맛있어요,"{'신선함': '신선해요', '생산지': '찾기 어려워요', '포장': '꼼꼼해요'}",5,0
채소애 (사업자 / 개인 사업자),"상품, 배송",6264183522,배추 3포기,hhs0****,24.09.28.,쓰레기를 받아서 좀 배송이 지연되길래  그래도 기더렸는데  이런걸 ㅠㅠ,"{'신선함': '안신선해요', '생산지': '찾기 어려워요', '포장': '적당해요'}",1,0
채소애 (사업자 / 개인 사업자),상품,6264183522,배추 3포기,5545***,24.09.12.,상태가별로네요 크기도작고 신선하지도않고,"{'신선함': '안신선해요', '생산지': '찾기 어려워요', '포장': '적당해요'}",3,0
채소애 (사업자 / 개인 사업자),상품,6264183522,배추 4포기,pjm3***,24.08.23.,재구매싱싱하게 잘도착했습니다.  ^^ 이렇게 더운  여름날씨에도 이정도로 키우기가 힘들었을거라 생각됩니다.  맛있게 잘먹겠습니다.^^,"{'구매자': '거주인원 4인대가족', '신선함': '신선해요', '생산지': '명확해요', '포장': '꼼꼼해요'}",5,1
채소애 (사업자 / 개인 사업자),기타,6264183522,배추 3포기,miri******,24.09.24.,한달사용기재구매항상 너무 잘먹고있습니다~~ 고생많으십니다 좋은상품 부탁드려요~,"{'신선함': '신선해요', '생산지': '명확해요', '포장': '꼼꼼해요'}",5,0
채소애 (사업자 / 개인 사업자),상품,6264183522,배추 3포기,bi****,24.10.15.,한달사용기재구매내년 사먹는 배추에요 까다로운 저희 할머니가 합격점 준 배추랍니다ㅎㅎ,"{'구매자': '거주인원 2인신혼/부부', '신선함': '신선해요', '생산지': '명확해요', '포장': '꼼꼼해요'}",5,0
채소애 (사업자 / 개인 사업자),기타,6264183522,배추 3포기,kpj5*****,24.09.24.,재구매상품 자알 받았네요  맛나게 김치해서  자알 먹을께용,"{'구매자': '거주인원 4인영유아 가정', '신선함': '신선해요', '생산지': '명확해요', '포장': '꼼꼼해요'}",5,0
채소애 (사업자 / 개인 사업자),상품,6264183522,배추 3포기,sara***,24.10.04.,모양은 실망스러웠는데 김치로 담그니 단단하고 식감도 좋네요. 이번 여름이 식물에게도 혹독한 날들이었겠죠.,"{'구매자': '거주인원 4인대가족', '신선함': '신선해요', '생산지': '명확해요', '포장': '적당해요'}",3,0
채소애 (사업자 / 개인 사업자),배송,6264183522,배추 4포기,ev****,24.10.08.,두 번째 구매입니다. 연휴 이후의 배송일자를 제대로 안보고 시키는 바람에 받기까지는 시간이 좀 걸렸지만 가을김치 잘 담아먹었어요!,"{'신선함': '신선해요', '생산지': '명확해요', '포장': '꼼꼼해요'}",5,0
채소애 (사업자 / 개인 사업자),기타,6264183522,배추 4포기,kkkk****,24.09.25.,실망스럽습니다 그래도 잘 담아 보겠습니다,"{'구매자': '거주인원 3인', '신선함': '안신선해요', '생산지': '찾기 어려워요', '포장': '적당해요'}",2,0
채소애 (사업자 / 개인 사업자),상품,6264183522,배추 4포기,rlaq******,24.10.22.,한달사용기재구매작았지만 좋아요 ㅎㅎ,"{'구매자': '거주인원 4인', '신선함': '신선해요', '생산지': '명확해요', '포장': '꼼꼼해요'}",4,0
채소애 (사업자 / 개인 사업자),상품,6264183522,배추 3포기,gamg*****,24.10.05.,한달사용기재구매배추가 싱싱하고 품질이 좋아요 맛있어서 계속 구매해요,"{'구매자': '거주인원 3인취학자녀 가정', '신선함': '신선해요', '생산지': '명확해요', '포장': '꼼꼼해요'}",5,0
채소애 (사업자 / 개인 사업자),기타,6264183522,배추 3포기,hair*******,24.10.09.,요즘배추가격 비싸긴 해도 중국산속고사는것보났다싶고 믿을수 있는우리농산물이라서,"{'신선함': '적당해요', '생산지': '찾기 어려워요', '포장': '적당해요'}",5,0
채소애 (사업자 / 개인 사업자),기타,6264183522,배추 3포기,psil****,24.11.08.,너무 너무 만족합니다,"{'신선함': '신선해요', '생산지': '명확해요', '포장': '꼼꼼해요'}",5,0
채소애 (사업자 / 개인 사업자),상품,6264183522,배추 3포기,choi******,24.09.30.,재구매이번은 가격도 비싼데 상한게 너무많네요. 3포기중 반만 쓸만함. 요즘 야채상황이 그래서 어쩔수없다지만 평소라면 페기처분상태.,"{'구매자': '거주인원 3인싱글', '신선함': '적당해요', '생산지': '찾기 어려워요', '포장': '별로예요'}",3,0
채소애 (사업자 / 개인 사업자),기타,6264183522,배추 3포기,ming****,24.10.12.,한달사용기맛있게 담궈서 잘 먹고있답니다.,"{'신선함': '신선해요', '생산지': '명확해요', '포장': '적당해요'}",4,0
채소애 (사업자 / 개인 사업자),상품,6264183522,배추 4포기,lim8***,24.10.12.,계절탓인지 가격은 비싸고 배추는 작고 김치가 금치네요,"{'구매자': '싱글', '신선함': '안신선해요', '생산지': '안써있어요', '포장': '별로예요'}",2,0
채소애 (사업자 / 개인 사업자),배송,6264183522,배추 4포기,qwer*****,24.10.15.,한달사용기배송빠르고좋아요~^^,"{'신선함': '신선해요', '생산지': '명확해요', '포장': '꼼꼼해요'}",5,0
채소애 (사업자 / 개인 사업자),상품,6264183522,배추 3포기,rua5***,24.10.10.,한달사용기재구매싱싱해요 항상 늘 만족합니다,"{'신선함': '신선해요', '생산지': '명확해요', '포장': '꼼꼼해요'}",5,0
채소애 (사업자 / 개인 사업자),"상품, 배송",6264183522,배추 3포기,spee******,24.09.12.,이번 연휴때 먹을 김치가 없어서 배추를 사러 갔더니 너무 비싸서 인터넷에서 처음 배추를 주문했는데 겉 이파리 몇개만 빼고 상태가 나쁘지 않네요.   늦지않게 배송 해 주셔서 김치 잘 담궜는데 추후  필요하면 재구매 하러 오겠습니다~!,"{'신선함': '신선해요', '생산지': '명확해요', '포장': '꼼꼼해요'}",5,1
채소애 (사업자 / 개인 사업자),상품,6264183522,배추 4포기,zu****,24.10.14.,배추가 신선합니다.,"{'구매자': '거주인원 1인신혼/부부', '신선함': '신선해요', '생산지': '명확해요', '포장': '꼼꼼해요'}",5,0
채소애 (사업자 / 개인 사업자),상품,6264183522,배추 3포기,hhhl***,24.10.04.,"배추값 오르기 직전, 시중 유통되는 배추보다 상태 좋은 것들로 김장전까지 김치 잘 먹게 됐습니다~","{'구매자': '거주인원 3인', '신선함': '신선해요', '생산지': '명확해요', '포장': '꼼꼼해요'}",5,0
채소애 (사업자 / 개인 사업자),상품,6264183522,배추 4포기,alla****,24.09.03.,한달사용기엄마 보내드렸는데 여채 샀던 배추중에 제일 좋다고 하시네요^^ 보내드린거라 사진이 없어요ㅜㅜ 상품 정말 좋아 채소 구매 또 하러올게요,"{'신선함': '적당해요', '생산지': '찾기 어려워요', '포장': '적당해요'}",5,0
채소애 (사업자 / 개인 사업자),상품,6264183522,배추 3포기,nj****,24.09.14.,사진으로 보니 고랭지 배추같아서 주문한건데 배추가 사진과 다른거 같더라구요,"{'구매자': '거주인원 4인신혼/부부', '신선함': '적당해요', '생산지': '찾기 어려워요', '포장': '적당해요'}",4,0
채소애 (사업자 / 개인 사업자),"상품, 교환 / 환불",5787852677,기장 깐쪽파(750g),miny****,24.10.20,"제품이 상해서 도착했어요, 반품 요청하니 사진 보내라고 하더니 감감 무소식입니다. 너무 화가 나네요","{'신선함': '안신선해요', '생산지': '확실하지 않아요', '포장': '별로예요'}",3,4
채소애 (사업자 / 개인 사업자),"상품, 교환 / 환불",5787852677,기장 깐쪽파(750g),jsk*****,24.10.18,재구매했는데 이번엔 상품 상태가 최악입니다. 환불 절차가 너무 번거롭네요. 왜 이렇게 변했나요?,"{'신선함': '좋지 않아요', '생산지': '확실하지 않아요', '포장': '나쁘지 않아요'}",5,0
채소애 (사업자 / 개인 사업자),"상품, 교환 / 환불",5787852677,기장 깐쪽파(750g),lmh******,24.10.15,쪽파가 썩어 도착했습니다. 환불 요청했더니 처리가 지연되고 있어요. 서비스 개선이 필요합니다.,"{'신선함': '안신선해요', '생산지': '불분명해요', '포장': '별로예요'}",2,3
채소애 (사업자 / 개인 사업자),"상품, 교환 / 환불",5787852677,기장 깐쪽파(750g),sunny***,24.10.14,쪽파가 물러서 왔어요. 교환 요청했는데 교환 절차가 너무 느려서 다시는 여기서 구매하지 않겠습니다.,"{'신선함': '안신선해요', '생산지': '확실하지 않아요', '포장': '나쁘지 않아요'}",6,1
채소애 (사업자 / 개인 사업자),"상품, 교환 / 환불",5787852677,기장 깐쪽파(750g),yoo*****,24.10.13,신선함이 전혀 느껴지지 않습니다. 반품 요청했더니 처리과정이 불친절해서 실망했습니다.,"{'신선함': '안신선해요', '생산지': '불분명해요', '포장': '별로예요'}",4,5
채소애 (사업자 / 개인 사업자),"상품, 교환 / 환불",5787852677,기장 깐쪽파(750g),ha*****,24.10.12,쪽파가 상해 도착했어요. 교환 요청했으나 교환 정책이 매우 불친절합니다. 절대 추천하지 않습니다.,"{'신선함': '좋지 않아요', '생산지': '불분명해요', '포장': '나쁘지 않아요'}",7,2
채소애 (사업자 / 개인 사업자),"상품, 교환 / 환불",5787852677,기장 깐쪽파(750g),kim**,24.10.11,신선도가 떨어지는 상품을 보내주셔서 너무 실망했습니다. 교환 절차가 오래 걸려 구매를 후회하고 있어요.,"{'신선함': '안신선해요', '생산지': '불분명해요', '포장': '별로예요'}",8,0
채소애 (사업자 / 개인 사업자),"상품, 교환 / 환불",5787852677,기장 깐쪽파(750g),leey****,24.10.10,"상품이 불량이라 교환을 신청했는데, 교환 과정이 매우 번거로웠습니다. 서비스 개선 필요합니다.","{'신선함': '안신선해요', '생산지': '불분명해요', '포장': '별로예요'}",2,3
채소애 (사업자 / 개인 사업자),"상품, 교환 / 환불",5546458502,초롱무 1단,hj*******,24.10.09,구매한 상품이 상해서 왔습니다. 환불 요청을 했는데도 처리가 느려 불만입니다.,"{'신선함': '안신선해요', '생산지': '불분명해요', '포장': '별로예요'}",4,2
채소애 (사업자 / 개인 사업자),"상품, 교환 / 환불",5546458502,초롱무 1단,cho*****,24.10.08,너무 상태가 좋지 않아서 환불 요청을 했습니다. 반품 절차가 느려서 서비스 불만족스럽습니다.,"{'신선함': '좋지 않아요', '생산지': '불분명해요', '포장': '별로예요'}",3,1
채소애 (사업자 / 개인 사업자),"상품, 교환 / 환불",5546458502,초롱무 1단,jun*****,24.10.07,신선도가 떨어지는 무가 도착해 너무 실망했습니다. 교환 요청했으나 오래 걸려 지쳤어요.,"{'신선함': '안신선해요', '생산지': '불분명해요', '포장': '별로예요'}",5,4
채소애 (사업자 / 개인 사업자),"상품, 교환 / 환불",5546458502,초롱무 1단,san******,24.10.06,너무 무른 무가 와서 먹을 수가 없었습니다. 환불 요청 후에도 응답이 없네요.,"{'신선함': '안신선해요', '생산지': '불분명해요', '포장': '별로예요'}",6,3
채소애 (사업자 / 개인 사업자),"상품, 교환 / 환불",5546458502,초롱무 1단,moon***,24.10.05,두 번이나 교환을 요청했는데도 계속 상한 상품이 도착합니다. 서비스가 형편없습니다.,"{'신선함': '좋지 않아요', '생산지': '불분명해요', '포장': '별로예요'}",4,1
채소애 (사업자 / 개인 사업자),"상품, 교환 / 환불",5546458502,초롱무 1단,yk******,24.10.04,기대했던 상품과 너무 달라서 반품 요청했습니다. 처리 과정이 복잡해서 시간 낭비였어요.,"{'신선함': '좋지 않아요', '생산지': '불분명해요', '포장': '별로예요'}",3,2
채소애 (사업자 / 개인 사업자),"상품, 교환 / 환불",5546458502,초롱무 1단,kimy***,24.10.03,첫 구매였는데 상품 상태가 너무 나빠서 환불 요청했습니다. 더 이상 이곳에서 구매하지 않을 것 같아요.,"{'신선함': '안신선해요', '생산지': '불분명해요', '포장': '별로예요'}",5,5
채소애 (사업자 / 개인 사업자),"상품, 교환 / 환불",5546458502,초롱무 1단,lam******,24.10.02,상품이 부패된 상태로 왔어요. 교환 절차가 복잡해서 환불로 진행했는데 처리도 느렸습니다.,"{'신선함': '안신선해요', '생산지': '불분명해요', '포장': '별로예요'}",7,0
채소애 (사업자 / 개인 사업자),"상품, 교환 / 환불",5546458502,초롱무 1단,han******,24.10.01,"배송 중 파손된 상품이 와서 환불 요청했는데, 처리가 너무 오래 걸렸습니다.","{'신선함': '좋지 않아요', '생산지': '불분명해요', '포장': '별로예요'}",2,4
채소애 (사업자 / 개인 사업자),"상품, 교환 / 환불",5546458502,초롱무 1단,js*******,24.09.30,기대했던 신선함이 없어 너무 실망스러웠습니다. 교환을 요청했지만 반응이 느려 결국 포기했습니다.,"{'신선함': '안신선해요', '생산지': '불분명해요', '포장': '별로예요'}",4,6
채소애 (사업자 / 개인 사업자),"상품, 교환 / 환불",6264183522,배추 3포기,kim*****,24.09.29,잘못된 상품이 와서 환불 요청했습니다. 교환 절차가 매우 불편합니다.,"{'신선함': '좋지 않아요', '생산지': '불분명해요', '포장': '별로예요'}",8,1
채소애 (사업자 / 개인 사업자),"상품, 교환 / 환불",6264183522,배추 3포기,jung******,24.09.28,신선하지 않은 상품이 와서 환불 요청했습니다. 교환 절차가 번거롭습니다.,"{'신선함': '안신선해요', '생산지': '불분명해요', '포장': '별로예요'}",6,3
채소애 (사업자 / 개인 사업자),"상품, 교환 / 환불",6264183522,배추 3포기,hk********,24.09.27,너무 오래된 상품이 와서 환불을 요청했습니다. 절차가 복잡해서 추천하지 않습니다.,"{'신선함': '안신선해요', '생산지': '불분명해요', '포장': '별로예요'}",2,7
채소애 (사업자 / 개인 사업자),"배송, 교환 / 환불",6264183522,배추 3포기,jh*****,24.09.26,포장이 부실해서 환불 요청했습니다. 교환 처리 속도가 너무 느려 실망입니다.,"{'신선함': '안신선해요', '생산지': '불분명해요', '포장': '별로예요'}",5,2
채소애 (사업자 / 개인 사업자),"상품, 교환 / 환불",6264183522,배추 3포기,msk****,24.09.25,오랜 시간 기다려 도착했는데 상태가 너무 안 좋았습니다. 환불 절차가 복잡해서 실망입니다.,"{'신선함': '안신선해요', '생산지': '불분명해요', '포장': '별로예요'}",3,8
채소애 (사업자 / 개인 사업자),"상품, 교환 / 환불",6264183522,배추 3포기,han****,24.09.24,상품이 많이 상한 상태로 도착해서 환불 요청했습니다. 그러나 교환 처리 속도가 너무 느립니다.,"{'신선함': '안신선해요', '생산지': '불분명해요', '포장': '별로예요'}",1,6
채소애 (사업자 / 개인 사업자),"상품, 교환 / 환불",6264183522,배추 3포기,sh****,24.09.23,기대했던 신선함이 전혀 없습니다. 환불 요청 후 대응이 느려 실망스럽습니다.,"{'신선함': '안신선해요', '생산지': '불분명해요', '포장': '별로예요'}",9,0
채소애 (사업자 / 개인 사업자),"상품, 교환 / 환불",6264183522,배추 3포기,se*****,24.09.22,"상품이 상한 상태로 도착하여 환불 요청을 했지만, 처리 과정에서 불편함을 느꼈습니다.","{'신선함': '안신선해요', '생산지': '불분명해요', '포장': '별로예요'}",5,3
채소애 (사업자 / 개인 사업자),"상품, 교환 / 환불",6264183522,배추 3포기,y****,24.09.21,상품 상태가 불량하여 반품 요청했습니다. 처리 시간이 너무 오래 걸려 불편했습니다.,"{'신선함': '안신선해요', '생산지': '불분명해요', '포장': '별로예요'}",4,2
채소애 (사업자 / 개인 사업자),"상품, 교환 / 환불",6264183522,배추 3포기,li****,24.09.20,상태가 너무 안 좋아 환불 요청했습니다. 고객 서비스에 대한 개선이 필요합니다.,"{'신선함': '안신선해요', '생산지': '불분명해요', '포장': '별로예요'}",8,1
채소애 (사업자 / 개인 사업자),상품,5787852677,흙쪽파,park*****,24.11.02,사용해 보니 너무 좋아서 지인에게도 추천했어요. 싱싱하고 파김치 만들기에도 최고네요!,"{'구매자': '거주인원 3인', '신선함': '신선해요', '생산지': '명확해요', '포장': '꼼꼼해요'}",5,0
채소애 (사업자 / 개인 사업자),상품,5787852677,기장 깐쪽파(750g),lee******,24.10.28,"첫 구매 후 너무 만족스러워서 후기를 남겨봅니다. 가격도 합리적이고, 퀄리티도 훌륭하네요.","{'신선함': '신선해요', '생산지': '명확해요', '포장': '꼼꼼해요'}",5,1
채소애 (사업자 / 개인 사업자),상품,5787852677,흙쪽파,kim*******,24.10.24,너무 좋습니다. 싱싱한 파 덕분에 김치도 성공적이었고 가족들도 매우 만족하고 있습니다!,"{'구매자': '거주인원 4인', '신선함': '신선해요', '생산지': '명확해요', '포장': '꼼꼼해요'}",5,0
채소애 (사업자 / 개인 사업자),"상품, 기타",5787852677,흙쪽파,song*****,24.10.19,재구매 의사 100%! 맛도 좋고 신선함이 오래 유지되어서 좋습니다.,"{'신선함': '신선해요', '생산지': '명확해요', '포장': '꼼꼼해요'}",5,2
채소애 (사업자 / 개인 사업자),상품,5787852677,기장 깐쪽파(750g),yoon*****,24.10.15,"한달 사용기 정말 만족스럽네요. 배추와 함께 주문했는데, 쪽파도 아주 신선하고 좋아요. 가족들도 대만족입니다.","{'구매자': '거주인원 5인대가족', '신선함': '신선해요', '생산지': '명확해요', '포장': '꼼꼼해요'}",5,3
채소애 (사업자 / 개인 사업자),"배송, 상품",5546458502,초롱무 1단,joy******,24.11.04,배송 빠르고 포장 상태도 아주 좋았습니다. 무가 상하지 않아서 만족해요.,"{'신선함': '신선해요', '생산지': '명확해요', '포장': '꼼꼼해요'}",5,0
채소애 (사업자 / 개인 사업자),"상품, 배송",5546458502,무청 없는 초롱무 1단,sung****,24.10.22,"늦은 저녁에 배송되어 조금 당황했지만, 상품 상태는 신선해서 만족합니다.","{'신선함': '신선해요', '생산지': '명확해요', '포장': '적당해요'}",4,1
채소애 (사업자 / 개인 사업자),"상품, 배송",5546458502,초롱무 1단,kim******,24.10.19,빠른 배송 덕분에 김장 시기 딱 맞춰서 잘 도착했어요. 신선하고 포장도 깔끔했습니다.,"{'신선함': '신선해요', '생산지': '명확해요', '포장': '꼼꼼해요'}",5,0
채소애 (사업자 / 개인 사업자),배송,5546458502,황토 알타리무 1단,soye******,24.10.15,재구매입니다. 매번 빠른 배송으로 신선하게 받아보니 아주 만족스러워요.,"{'신선함': '신선해요', '생산지': '명확해요', '포장': '적당해요'}",5,2
채소애 (사업자 / 개인 사업자),배송,5546458502,초롱무 1단,mira****,24.10.10,배송도 신속하고 포장도 튼튼해서 무가 상하지 않고 잘 도착했어요. 추천드려요!,"{'신선함': '신선해요', '생산지': '명확해요', '포장': '꼼꼼해요'}",5,0
채소애 (사업자 / 개인 사업자),"상품, 배송",6264183522,배추 4포기,hyun*******,24.11.04,"배송이 빨라서 놀랐어요. 배추 상태도 좋고, 빠르게 받아서 김장하기에 아주 좋았습니다.","{'신선함': '신선해요', '생산지': '명확해요', '포장': '적당해요'}",5,1
채소애 (사업자 / 개인 사업자),"상품, 배송",6264183522,배추 3포기,by****,24.10.20,"배송이 조금 느렸지만, 상품 상태는 만족스러웠어요. 급하게 필요한 건 아니어서 괜찮았습니다.","{'신선함': '적당해요', '생산지': '명확해요', '포장': '별로예요'}",3,0
채소애 (사업자 / 개인 사업자),배송,6264183522,배추 4포기,moon*****,24.10.15,빠른 배송 덕분에 신선하게 받았어요. 항상 만족합니다!,"{'신선함': '신선해요', '생산지': '명확해요', '포장': '꼼꼼해요'}",5,0
채소애 (사업자 / 개인 사업자),"상품, 배송",6264183522,배추 3포기,lee****,24.09.25,배송이 늦어서 김장을 조금 늦게 했네요. 그래도 상태는 좋아서 만족합니다.,"{'신선함': '신선해요', '생산지': '명확해요', '포장': '적당해요'}",4,1
채소애 (사업자 / 개인 사업자),배송,6264183522,배추 4포기,seo*******,24.10.05,배추가 상하지 않게 잘 포장되어 빠르게 도착했습니다. 배송에 신경 써 주셔서 감사합니다!,"{'신선함': '신선해요', '생산지': '명확해요', '포장': '꼼꼼해요'}",5,2